ID_MAGASIN;ID_PROFIL;ONGLET;DATEMAJ_SECURITE;DATE_SAVE
1;1;1;22-03-2016;22-03-2016
2;1;1;22-03-2016;22-03-2016
3;1;1;22-03-2016;22-03-2016
4;1;1;22-03-2016;22-03-2016
5;1;1;22-03-2016;22-03-2016
6;1;1;22-03-2016;22-03-2016
7;1;1;22-03-2016;22-03-2016
8;1;1;22-03-2016;22-03-2016
9;1;1;22-03-2016;22-03-2016
10;1;1;22-03-2016;22-03-2016
11;1;1;22-03-2016;22-03-2016
12;1;1;22-03-2016;22-03-2016
13;1;1;22-03-2016;22-03-2016
14;1;1;22-03-2016;22-03-2016
15;1;1;22-03-2016;22-03-2016
16;1;1;22-03-2016;22-03-2016
17;1;1;22-03-2016;22-03-2016
18;1;1;22-03-2016;22-03-2016
19;1;1;22-03-2016;22-03-2016
20;1;1;22-03-2016;22-03-2016
21;1;1;22-03-2016;22-03-2016
22;1;1;22-03-2016;22-03-2016
23;1;1;22-03-2016;22-03-2016
24;1;1;22-03-2016;22-03-2016
25;1;1;22-03-2016;22-03-2016
26;1;1;22-03-2016;22-03-2016
27;1;1;22-03-2016;22-03-2016
28;1;1;22-03-2016;22-03-2016
29;1;1;22-03-2016;22-03-2016
30;1;1;22-03-2016;22-03-2016
31;1;1;22-03-2016;22-03-2016
32;1;1;22-03-2016;22-03-2016
33;1;1;22-03-2016;22-03-2016
34;1;1;22-03-2016;22-03-2016
35;1;1;22-03-2016;22-03-2016
36;1;1;22-03-2016;22-03-2016
37;1;1;22-03-2016;22-03-2016
38;1;1;22-03-2016;22-03-2016
39;1;1;22-03-2016;22-03-2016
40;1;1;22-03-2016;22-03-2016
41;1;1;22-03-2016;22-03-2016
42;1;1;22-03-2016;22-03-2016
43;1;1;22-03-2016;22-03-2016
44;1;1;22-03-2016;22-03-2016
45;1;1;22-03-2016;22-03-2016
46;1;1;22-03-2016;22-03-2016
47;1;1;22-03-2016;22-03-2016
48;1;1;22-03-2016;22-03-2016
1;2;1;22-03-2016;22-03-2016
2;2;1;22-03-2016;22-03-2016
3;2;1;22-03-2016;22-03-2016
4;2;1;22-03-2016;22-03-2016
5;2;1;22-03-2016;22-03-2016
6;2;1;22-03-2016;22-03-2016
7;2;1;22-03-2016;22-03-2016
8;2;1;22-03-2016;22-03-2016
9;2;1;22-03-2016;22-03-2016
10;2;1;22-03-2016;22-03-2016
11;2;1;22-03-2016;22-03-2016
12;2;1;22-03-2016;22-03-2016
13;2;1;22-03-2016;22-03-2016
14;2;1;22-03-2016;22-03-2016
15;2;1;22-03-2016;22-03-2016
16;2;1;22-03-2016;22-03-2016
17;2;1;22-03-2016;22-03-2016
18;2;1;22-03-2016;22-03-2016
19;2;1;22-03-2016;22-03-2016
20;2;1;22-03-2016;22-03-2016
21;2;1;22-03-2016;22-03-2016
22;2;1;22-03-2016;22-03-2016
23;2;1;22-03-2016;22-03-2016
24;2;1;22-03-2016;22-03-2016
25;2;1;22-03-2016;22-03-2016
26;2;1;22-03-2016;22-03-2016
27;2;1;22-03-2016;22-03-2016
28;2;1;22-03-2016;22-03-2016
29;2;1;22-03-2016;22-03-2016
30;2;1;22-03-2016;22-03-2016
31;2;1;22-03-2016;22-03-2016
32;2;1;22-03-2016;22-03-2016
33;2;1;22-03-2016;22-03-2016
34;2;1;22-03-2016;22-03-2016
35;2;1;22-03-2016;22-03-2016
36;2;1;22-03-2016;22-03-2016
37;2;1;22-03-2016;22-03-2016
38;2;1;22-03-2016;22-03-2016
39;2;1;22-03-2016;22-03-2016
40;2;1;22-03-2016;22-03-2016
41;2;1;22-03-2016;22-03-2016
42;2;1;22-03-2016;22-03-2016
43;2;1;22-03-2016;22-03-2016
44;2;1;22-03-2016;22-03-2016
45;2;1;22-03-2016;22-03-2016
46;2;1;22-03-2016;22-03-2016
47;2;1;22-03-2016;22-03-2016
48;2;1;22-03-2016;22-03-2016
1;3;1;22-03-2016;22-03-2016
2;4;1;22-03-2016;22-03-2016
3;5;1;22-03-2016;22-03-2016
4;6;1;22-03-2016;22-03-2016
5;7;1;22-03-2016;22-03-2016
6;8;1;22-03-2016;22-03-2016
7;9;1;22-03-2016;22-03-2016
8;10;1;22-03-2016;22-03-2016
9;11;1;22-03-2016;22-03-2016
10;12;1;22-03-2016;22-03-2016
11;13;1;22-03-2016;22-03-2016
12;14;1;22-03-2016;22-03-2016
13;15;1;22-03-2016;22-03-2016
14;16;1;22-03-2016;22-03-2016
15;17;1;22-03-2016;22-03-2016
16;18;1;22-03-2016;22-03-2016
17;19;1;22-03-2016;22-03-2016
18;20;1;22-03-2016;22-03-2016
19;21;1;22-03-2016;22-03-2016
20;22;1;22-03-2016;22-03-2016
21;23;1;22-03-2016;22-03-2016
22;24;1;22-03-2016;22-03-2016
23;25;1;22-03-2016;22-03-2016
24;26;1;22-03-2016;22-03-2016
25;27;1;22-03-2016;22-03-2016
26;28;1;22-03-2016;22-03-2016
27;29;1;22-03-2016;22-03-2016
28;30;1;22-03-2016;22-03-2016
29;31;1;22-03-2016;22-03-2016
30;32;1;22-03-2016;22-03-2016
31;33;1;22-03-2016;22-03-2016
5;34;1;22-03-2016;22-03-2016
7;34;1;22-03-2016;22-03-2016
17;34;1;22-03-2016;22-03-2016
21;34;1;22-03-2016;22-03-2016
26;34;1;22-03-2016;22-03-2016
27;34;1;22-03-2016;22-03-2016
41;34;1;22-03-2016;22-03-2016
45;34;1;22-03-2016;22-03-2016
47;34;1;22-03-2016;22-03-2016
1;35;1;22-03-2016;22-03-2016
2;35;1;22-03-2016;22-03-2016
3;35;1;22-03-2016;22-03-2016
29;35;1;22-03-2016;22-03-2016
36;35;1;22-03-2016;22-03-2016
38;35;1;22-03-2016;22-03-2016
39;35;1;22-03-2016;22-03-2016
44;35;1;22-03-2016;22-03-2016
32;36;1;22-03-2016;22-03-2016
33;37;1;22-03-2016;22-03-2016
34;38;1;22-03-2016;22-03-2016
35;39;1;22-03-2016;22-03-2016
36;40;1;22-03-2016;22-03-2016
37;41;1;22-03-2016;22-03-2016
38;42;1;22-03-2016;22-03-2016
8;43;1;22-03-2016;22-03-2016
12;43;1;22-03-2016;22-03-2016
15;43;1;22-03-2016;22-03-2016
18;43;1;22-03-2016;22-03-2016
25;43;1;22-03-2016;22-03-2016
28;43;1;22-03-2016;22-03-2016
32;43;1;22-03-2016;22-03-2016
33;43;1;22-03-2016;22-03-2016
48;43;1;22-03-2016;22-03-2016
39;44;1;22-03-2016;22-03-2016
40;45;1;22-03-2016;22-03-2016
41;46;1;22-03-2016;22-03-2016
6;47;1;22-03-2016;22-03-2016
10;47;1;22-03-2016;22-03-2016
13;47;1;22-03-2016;22-03-2016
14;47;1;22-03-2016;22-03-2016
16;47;1;22-03-2016;22-03-2016
20;47;1;22-03-2016;22-03-2016
23;47;1;22-03-2016;22-03-2016
24;47;1;22-03-2016;22-03-2016
30;47;1;22-03-2016;22-03-2016
31;47;1;22-03-2016;22-03-2016
40;47;1;22-03-2016;22-03-2016
46;47;1;22-03-2016;22-03-2016
4;48;1;22-03-2016;22-03-2016
9;48;1;22-03-2016;22-03-2016
11;48;1;22-03-2016;22-03-2016
19;48;1;22-03-2016;22-03-2016
22;48;1;22-03-2016;22-03-2016
34;48;1;22-03-2016;22-03-2016
35;48;1;22-03-2016;22-03-2016
37;48;1;22-03-2016;22-03-2016
42;48;1;22-03-2016;22-03-2016
43;48;1;22-03-2016;22-03-2016
42;49;1;22-03-2016;22-03-2016
43;50;1;22-03-2016;22-03-2016
44;51;1;22-03-2016;22-03-2016
45;52;1;22-03-2016;22-03-2016
46;53;1;22-03-2016;22-03-2016
47;54;1;22-03-2016;22-03-2016
48;55;1;22-03-2016;22-03-2016
