ID_MAGASIN;ID_FAMILLE_PRODUIT;ID_TEMPS;VENTES_OBJECTIF;VENTES_REEL;CA_OBJECTIF;CA_REEL;MARGE_OBJECTIF;MARGE_REEL;DATE_MAJ
48;1;201601;13;;18;;751.73;;10/03/2016
48;2;201601;34;;20.9;;126.41;;10/03/2016
48;3;201601;7;;14.43;;702.79;;10/03/2016
48;1;201602;34;;10.72;;426.9;;10/03/2016
48;2;201602;5;;15.35;;807.91;;10/03/2016
48;3;201602;35;;46.33;;965.04;;10/03/2016
48;1;201603;5;;36.16;;689.34;;10/03/2016
48;2;201603;50;;15.16;;236.95;;10/03/2016
48;3;201603;39;;32.27;;805.42;;10/03/2016
48;1;201604;42;;93.61;;194.86;;10/03/2016
48;2;201604;100;;62.2;;840.94;;10/03/2016
48;3;201604;81;;47.58;;410.4;;10/03/2016
48;1;201605;40;;45.17;;319.5;;10/03/2016
48;2;201605;93;;52.69;;718.53;;10/03/2016
48;3;201605;37;;39.32;;491.32;;10/03/2016
48;1;201606;88;;72.34;;200.25;;10/03/2016
48;2;201606;88;;14.28;;531.51;;10/03/2016
48;3;201606;92;;4.83;;224.99;;10/03/2016
48;1;201607;88;;23.08;;35.4;;10/03/2016
48;2;201607;39;;81.15;;686.71;;10/03/2016
48;3;201607;48;;1.12;;41.48;;10/03/2016
48;1;201608;19;;31.4;;2.43;;10/03/2016
48;2;201608;66;;61.48;;309.31;;10/03/2016
48;3;201608;97;;32.01;;697.09;;10/03/2016
48;1;201609;65;;75.46;;273.54;;10/03/2016
48;2;201609;58;;19.91;;789.61;;10/03/2016
48;3;201609;72;;58.28;;887.04;;10/03/2016
48;1;201610;11;;88.17;;71.81;;10/03/2016
48;2;201610;12;;53.64;;477.39;;10/03/2016
48;3;201610;37;;5.76;;423.79;;10/03/2016
48;1;201611;37;;13.83;;548.87;;10/03/2016
48;2;201611;20;;82.85;;874.06;;10/03/2016
48;3;201611;62;;64.88;;851.87;;10/03/2016
48;1;201612;34;;65.68;;369.79;;10/03/2016
48;2;201612;4;;47.19;;587.83;;10/03/2016
48;3;201612;95;;64.7;;816.76;;10/03/2016
47;1;201601;76;;27.91;;349.41;;10/03/2016
47;2;201601;45;;53.46;;988.23;;10/03/2016
47;3;201601;27;;12.97;;209.47;;10/03/2016
47;1;201602;62;;92.01;;301.33;;10/03/2016
47;2;201602;63;;30.46;;245.12;;10/03/2016
47;3;201602;30;;5.74;;939.39;;10/03/2016
47;1;201603;74;;56.01;;689.46;;10/03/2016
47;2;201603;47;;47.78;;834.26;;10/03/2016
47;3;201603;63;;72.42;;982.39;;10/03/2016
47;1;201604;96;;2.93;;181.25;;10/03/2016
47;2;201604;20;;6.71;;542.14;;10/03/2016
47;3;201604;91;;70.71;;676.69;;10/03/2016
47;1;201605;9;;52.03;;269.4;;10/03/2016
47;2;201605;83;;74.59;;720.73;;10/03/2016
47;3;201605;14;;13.67;;633.02;;10/03/2016
47;1;201606;55;;3.14;;314;;10/03/2016
47;2;201606;35;;93.24;;119.73;;10/03/2016
47;3;201606;71;;41.01;;688.19;;10/03/2016
47;1;201607;85;;32.44;;113.6;;10/03/2016
47;2;201607;12;;81.93;;258.36;;10/03/2016
47;3;201607;18;;15;;907.92;;10/03/2016
47;1;201608;61;;22.08;;752.19;;10/03/2016
47;2;201608;5;;9.29;;573.33;;10/03/2016
47;3;201608;27;;44.68;;135.9;;10/03/2016
47;1;201609;43;;13.99;;608.45;;10/03/2016
47;2;201609;25;;97.03;;810.79;;10/03/2016
47;3;201609;73;;98.76;;471.22;;10/03/2016
47;1;201610;94;;49.39;;549.75;;10/03/2016
47;2;201610;84;;78.24;;339.71;;10/03/2016
47;3;201610;97;;30.13;;502.93;;10/03/2016
47;1;201611;80;;10.21;;920.94;;10/03/2016
47;2;201611;42;;9.45;;530.77;;10/03/2016
47;3;201611;2;;42.16;;389.47;;10/03/2016
47;1;201612;86;;6.79;;256.85;;10/03/2016
47;2;201612;16;;30.36;;82.9;;10/03/2016
47;3;201612;98;;73.87;;498.61;;10/03/2016
46;1;201601;6;;25.16;;80.33;;10/03/2016
46;2;201601;28;;25.22;;999.09;;10/03/2016
46;3;201601;79;;38.24;;617.1;;10/03/2016
46;1;201602;26;;94.07;;655.88;;10/03/2016
46;2;201602;86;;26.72;;378.15;;10/03/2016
46;3;201602;48;;23.85;;46.64;;10/03/2016
46;1;201603;56;;5.66;;899.03;;10/03/2016
46;2;201603;66;;93.21;;30.8;;10/03/2016
46;3;201603;98;;93.68;;193.57;;10/03/2016
46;1;201604;10;;39.84;;400.5;;10/03/2016
46;2;201604;83;;9.89;;767.71;;10/03/2016
46;3;201604;71;;9.44;;296.65;;10/03/2016
46;1;201605;14;;97.7;;626.76;;10/03/2016
46;2;201605;73;;72.48;;116.36;;10/03/2016
46;3;201605;0;;47.69;;254.29;;10/03/2016
46;1;201606;50;;9.52;;432.73;;10/03/2016
46;2;201606;62;;78.34;;41.38;;10/03/2016
46;3;201606;3;;70.76;;856.59;;10/03/2016
46;1;201607;45;;95.12;;30.13;;10/03/2016
46;2;201607;6;;38.19;;518.43;;10/03/2016
46;3;201607;40;;81.22;;600.67;;10/03/2016
46;1;201608;25;;28.34;;709.15;;10/03/2016
46;2;201608;83;;93.59;;219.54;;10/03/2016
46;3;201608;90;;25.57;;501.51;;10/03/2016
46;1;201609;35;;13.99;;455.33;;10/03/2016
46;2;201609;95;;80.72;;925.36;;10/03/2016
46;3;201609;42;;73.76;;889.89;;10/03/2016
46;1;201610;18;;26.06;;24.7;;10/03/2016
46;2;201610;5;;49.57;;475.69;;10/03/2016
46;3;201610;27;;6.79;;624.43;;10/03/2016
46;1;201611;36;;16.69;;215.66;;10/03/2016
46;2;201611;69;;1.4;;410.53;;10/03/2016
46;3;201611;82;;20.15;;968.65;;10/03/2016
46;1;201612;70;;20.01;;779.63;;10/03/2016
46;2;201612;86;;67.08;;159.93;;10/03/2016
46;3;201612;31;;74.72;;495.13;;10/03/2016
45;1;201601;48;;82.78;;688.92;;10/03/2016
45;2;201601;17;;65.99;;728.43;;10/03/2016
45;3;201601;9;;58.16;;627.23;;10/03/2016
45;1;201602;54;;86;;640.21;;10/03/2016
45;2;201602;7;;85.63;;355.33;;10/03/2016
45;3;201602;13;;15.62;;496.47;;10/03/2016
45;1;201603;16;;66.58;;184.85;;10/03/2016
45;2;201603;71;;62.73;;744.45;;10/03/2016
45;3;201603;23;;98.25;;413.81;;10/03/2016
45;1;201604;61;;52.83;;736.29;;10/03/2016
45;2;201604;58;;73.1;;16.75;;10/03/2016
45;3;201604;52;;20.45;;930.12;;10/03/2016
45;1;201605;2;;5.73;;859.94;;10/03/2016
45;2;201605;19;;49.27;;883.52;;10/03/2016
45;3;201605;4;;83.45;;928.13;;10/03/2016
45;1;201606;22;;37.77;;108.58;;10/03/2016
45;2;201606;80;;52.07;;12.76;;10/03/2016
45;3;201606;4;;8.1;;836.84;;10/03/2016
45;1;201607;15;;92.69;;763.57;;10/03/2016
45;2;201607;18;;48.28;;327.96;;10/03/2016
45;3;201607;78;;90.51;;800.39;;10/03/2016
45;1;201608;58;;65.16;;5.71;;10/03/2016
45;2;201608;38;;73.17;;77.22;;10/03/2016
45;3;201608;11;;71.17;;387.96;;10/03/2016
45;1;201609;65;;70.1;;271.09;;10/03/2016
45;2;201609;27;;4.41;;408.77;;10/03/2016
45;3;201609;46;;33.68;;712.12;;10/03/2016
45;1;201610;9;;95.31;;779.6;;10/03/2016
45;2;201610;97;;78.6;;179.71;;10/03/2016
45;3;201610;68;;22.1;;285.25;;10/03/2016
45;1;201611;51;;44.03;;705.83;;10/03/2016
45;2;201611;26;;2.76;;643.22;;10/03/2016
45;3;201611;33;;57.1;;508.86;;10/03/2016
45;1;201612;95;;84.47;;20.31;;10/03/2016
45;2;201612;58;;16.76;;736.84;;10/03/2016
45;3;201612;86;;90.14;;352.57;;10/03/2016
44;1;201601;10;;88.31;;814.43;;10/03/2016
44;2;201601;0;;33.73;;228.78;;10/03/2016
44;3;201601;65;;72.61;;983.39;;10/03/2016
44;1;201602;100;;20.52;;532.47;;10/03/2016
44;2;201602;64;;55.01;;795.38;;10/03/2016
44;3;201602;88;;50.28;;210.05;;10/03/2016
44;1;201603;1;;17.79;;520.76;;10/03/2016
44;2;201603;43;;6.57;;423.98;;10/03/2016
44;3;201603;21;;16.58;;591.87;;10/03/2016
44;1;201604;21;;71.62;;77.87;;10/03/2016
44;2;201604;1;;92.61;;611.92;;10/03/2016
44;3;201604;95;;56.39;;603.18;;10/03/2016
44;1;201605;32;;9.85;;648.97;;10/03/2016
44;2;201605;77;;8.24;;706.9;;10/03/2016
44;3;201605;86;;93.92;;11.52;;10/03/2016
44;1;201606;32;;20.35;;421.86;;10/03/2016
44;2;201606;85;;63.48;;466.49;;10/03/2016
44;3;201606;98;;5.8;;845.56;;10/03/2016
44;1;201607;80;;26.44;;543.51;;10/03/2016
44;2;201607;37;;57.52;;506.5;;10/03/2016
44;3;201607;63;;31.88;;730.17;;10/03/2016
44;1;201608;43;;49.2;;462.83;;10/03/2016
44;2;201608;20;;98.21;;597.87;;10/03/2016
44;3;201608;78;;57.89;;217.97;;10/03/2016
44;1;201609;3;;72.76;;640.49;;10/03/2016
44;2;201609;81;;97.05;;13.42;;10/03/2016
44;3;201609;56;;45.69;;284.61;;10/03/2016
44;1;201610;13;;37.14;;361.87;;10/03/2016
44;2;201610;79;;25.29;;607.61;;10/03/2016
44;3;201610;72;;48.99;;840.03;;10/03/2016
44;1;201611;9;;19.85;;689.64;;10/03/2016
44;2;201611;43;;54.04;;122.78;;10/03/2016
44;3;201611;79;;99.34;;59.04;;10/03/2016
44;1;201612;98;;87.45;;63.2;;10/03/2016
44;2;201612;84;;13.88;;371.13;;10/03/2016
44;3;201612;90;;77.97;;484.75;;10/03/2016
43;1;201601;70;;22.56;;294.01;;10/03/2016
43;2;201601;33;;19.16;;484.75;;10/03/2016
43;3;201601;32;;42.03;;174.36;;10/03/2016
43;1;201602;14;;64.87;;291.78;;10/03/2016
43;2;201602;52;;52.89;;727.85;;10/03/2016
43;3;201602;34;;85.52;;21.94;;10/03/2016
43;1;201603;60;;22.86;;549.31;;10/03/2016
43;2;201603;39;;77.02;;974.85;;10/03/2016
43;3;201603;17;;45.96;;973.77;;10/03/2016
43;1;201604;99;;9.33;;463.49;;10/03/2016
43;2;201604;12;;75.49;;298.94;;10/03/2016
43;3;201604;91;;10.9;;837.99;;10/03/2016
43;1;201605;73;;68.78;;218.11;;10/03/2016
43;2;201605;65;;5.37;;241.82;;10/03/2016
43;3;201605;68;;81.32;;240.09;;10/03/2016
43;1;201606;53;;99.61;;449.21;;10/03/2016
43;2;201606;24;;32.39;;89.13;;10/03/2016
43;3;201606;16;;96.2;;954.51;;10/03/2016
43;1;201607;67;;73.01;;410.62;;10/03/2016
43;2;201607;66;;49.54;;516.69;;10/03/2016
43;3;201607;81;;84.62;;121.99;;10/03/2016
43;1;201608;86;;25.61;;256.89;;10/03/2016
43;2;201608;66;;21.87;;562.73;;10/03/2016
43;3;201608;100;;47.75;;102.13;;10/03/2016
43;1;201609;66;;32.79;;799.5;;10/03/2016
43;2;201609;13;;31.19;;358.92;;10/03/2016
43;3;201609;90;;8.33;;653.79;;10/03/2016
43;1;201610;28;;30.86;;543.56;;10/03/2016
43;2;201610;13;;4.93;;335.29;;10/03/2016
43;3;201610;89;;29.83;;83.28;;10/03/2016
43;1;201611;57;;20.33;;184.62;;10/03/2016
43;2;201611;5;;62.74;;16.18;;10/03/2016
43;3;201611;60;;42.03;;962.02;;10/03/2016
43;1;201612;72;;82.86;;221.31;;10/03/2016
43;2;201612;94;;47.22;;642.94;;10/03/2016
43;3;201612;68;;60.39;;534.7;;10/03/2016
42;1;201601;68;;42.25;;889.67;;10/03/2016
42;2;201601;62;;20.93;;802.72;;10/03/2016
42;3;201601;20;;71.93;;454.19;;10/03/2016
42;1;201602;38;;93.12;;534.31;;10/03/2016
42;2;201602;12;;29.23;;116.22;;10/03/2016
42;3;201602;77;;71.45;;497.6;;10/03/2016
42;1;201603;89;;7.31;;507.9;;10/03/2016
42;2;201603;5;;19.7;;657.77;;10/03/2016
42;3;201603;85;;94.6;;284.06;;10/03/2016
42;1;201604;13;;62.12;;729.97;;10/03/2016
42;2;201604;18;;5.18;;10.81;;10/03/2016
42;3;201604;3;;20.72;;462.62;;10/03/2016
42;1;201605;15;;92.09;;333.04;;10/03/2016
42;2;201605;72;;10.67;;335.26;;10/03/2016
42;3;201605;44;;57.81;;324.08;;10/03/2016
42;1;201606;82;;31.64;;286.13;;10/03/2016
42;2;201606;88;;39.46;;391.7;;10/03/2016
42;3;201606;94;;6.09;;279.09;;10/03/2016
42;1;201607;11;;19.37;;927.65;;10/03/2016
42;2;201607;16;;28.85;;579.19;;10/03/2016
42;3;201607;12;;22.13;;869.2;;10/03/2016
42;1;201608;58;;57.46;;815.49;;10/03/2016
42;2;201608;52;;56.8;;755.99;;10/03/2016
42;3;201608;12;;21.68;;310.53;;10/03/2016
42;1;201609;91;;7.4;;605.41;;10/03/2016
42;2;201609;40;;50.2;;932.43;;10/03/2016
42;3;201609;91;;55.15;;13.65;;10/03/2016
42;1;201610;41;;93.67;;770.88;;10/03/2016
42;2;201610;8;;31.63;;594.39;;10/03/2016
42;3;201610;31;;54.89;;42.35;;10/03/2016
42;1;201611;2;;16.79;;109.16;;10/03/2016
42;2;201611;64;;25.49;;650.13;;10/03/2016
42;3;201611;94;;30.53;;400.03;;10/03/2016
42;1;201612;15;;7.86;;829.8;;10/03/2016
42;2;201612;8;;38.43;;982;;10/03/2016
42;3;201612;10;;41.28;;925.08;;10/03/2016
41;1;201601;91;;9.74;;356.95;;10/03/2016
41;2;201601;87;;11.62;;505.78;;10/03/2016
41;3;201601;20;;57.67;;950.4;;10/03/2016
41;1;201602;34;;25.12;;908.94;;10/03/2016
41;2;201602;71;;84.58;;456.11;;10/03/2016
41;3;201602;81;;67.79;;189.63;;10/03/2016
41;1;201603;16;;41.71;;279.66;;10/03/2016
41;2;201603;92;;8.43;;646.63;;10/03/2016
41;3;201603;90;;54.89;;53.67;;10/03/2016
41;1;201604;65;;90.74;;949.1;;10/03/2016
41;2;201604;59;;94.14;;316.65;;10/03/2016
41;3;201604;65;;74.14;;29.17;;10/03/2016
41;1;201605;7;;14.39;;399.96;;10/03/2016
41;2;201605;22;;61.39;;706.01;;10/03/2016
41;3;201605;43;;12.92;;762.58;;10/03/2016
41;1;201606;56;;65.97;;725.94;;10/03/2016
41;2;201606;62;;9.76;;530.37;;10/03/2016
41;3;201606;76;;90.27;;752.51;;10/03/2016
41;1;201607;36;;80.05;;318.26;;10/03/2016
41;2;201607;69;;74.37;;315.49;;10/03/2016
41;3;201607;41;;47.97;;133.16;;10/03/2016
41;1;201608;53;;96.14;;445.43;;10/03/2016
41;2;201608;27;;96.7;;228.65;;10/03/2016
41;3;201608;73;;56.54;;471.01;;10/03/2016
41;1;201609;86;;52.5;;842.43;;10/03/2016
41;2;201609;64;;10.2;;158.37;;10/03/2016
41;3;201609;45;;84.55;;486.98;;10/03/2016
41;1;201610;27;;75.64;;973.87;;10/03/2016
41;2;201610;25;;11.05;;896.03;;10/03/2016
41;3;201610;79;;19.03;;859.87;;10/03/2016
41;1;201611;86;;84.71;;962.84;;10/03/2016
41;2;201611;81;;12.04;;1.65;;10/03/2016
41;3;201611;42;;44.75;;228.31;;10/03/2016
41;1;201612;52;;30.67;;636.16;;10/03/2016
41;2;201612;98;;55.31;;869.32;;10/03/2016
41;3;201612;16;;45.73;;323.24;;10/03/2016
40;1;201601;7;;63.78;;413.88;;10/03/2016
40;2;201601;59;;82.56;;609.46;;10/03/2016
40;3;201601;98;;81.26;;879.32;;10/03/2016
40;1;201602;78;;75.23;;488.25;;10/03/2016
40;2;201602;2;;59.87;;913.72;;10/03/2016
40;3;201602;8;;38.18;;653.79;;10/03/2016
40;1;201603;37;;84.43;;339.53;;10/03/2016
40;2;201603;83;;27.44;;279.83;;10/03/2016
40;3;201603;9;;75.86;;568.86;;10/03/2016
40;1;201604;49;;44.92;;101.25;;10/03/2016
40;2;201604;8;;68.52;;800.87;;10/03/2016
40;3;201604;51;;23.73;;124.7;;10/03/2016
40;1;201605;67;;4.44;;774.07;;10/03/2016
40;2;201605;3;;64.55;;898.08;;10/03/2016
40;3;201605;78;;33.61;;826.51;;10/03/2016
40;1;201606;87;;43.43;;963.54;;10/03/2016
40;2;201606;86;;27.11;;696.51;;10/03/2016
40;3;201606;69;;94.81;;805.07;;10/03/2016
40;1;201607;60;;21.2;;522.44;;10/03/2016
40;2;201607;51;;92.26;;78.83;;10/03/2016
40;3;201607;79;;68;;450.94;;10/03/2016
40;1;201608;88;;53.68;;233.7;;10/03/2016
40;2;201608;42;;27.94;;799.02;;10/03/2016
40;3;201608;50;;0.56;;769.38;;10/03/2016
40;1;201609;98;;99.53;;334.09;;10/03/2016
40;2;201609;16;;64.51;;59.62;;10/03/2016
40;3;201609;79;;25.64;;56.28;;10/03/2016
40;1;201610;43;;87.19;;299.83;;10/03/2016
40;2;201610;9;;87.25;;189.29;;10/03/2016
40;3;201610;71;;32.44;;312.91;;10/03/2016
40;1;201611;64;;0.69;;460.43;;10/03/2016
40;2;201611;41;;87.71;;609.78;;10/03/2016
40;3;201611;88;;53.5;;476.93;;10/03/2016
40;1;201612;41;;40.66;;268.92;;10/03/2016
40;2;201612;80;;97.25;;57.54;;10/03/2016
40;3;201612;35;;64.29;;583.14;;10/03/2016
39;1;201601;82;;98.26;;226.25;;10/03/2016
39;2;201601;16;;63.25;;968.58;;10/03/2016
39;3;201601;8;;23.07;;133.39;;10/03/2016
39;1;201602;49;;16.9;;224.86;;10/03/2016
39;2;201602;34;;97.42;;657.63;;10/03/2016
39;3;201602;83;;66.7;;290.16;;10/03/2016
39;1;201603;47;;61.21;;807.74;;10/03/2016
39;2;201603;27;;77.29;;382.8;;10/03/2016
39;3;201603;38;;28.72;;380.22;;10/03/2016
39;1;201604;95;;5.43;;304.4;;10/03/2016
39;2;201604;14;;40.27;;396.43;;10/03/2016
39;3;201604;15;;12.92;;859.85;;10/03/2016
39;1;201605;30;;43.21;;47.11;;10/03/2016
39;2;201605;69;;50.72;;62.72;;10/03/2016
39;3;201605;5;;19.25;;977.71;;10/03/2016
39;1;201606;88;;26.41;;99.4;;10/03/2016
39;2;201606;99;;53.6;;723.82;;10/03/2016
39;3;201606;93;;1.04;;553.25;;10/03/2016
39;1;201607;69;;47.17;;188.64;;10/03/2016
39;2;201607;20;;38.97;;338.64;;10/03/2016
39;3;201607;17;;89.95;;614.05;;10/03/2016
39;1;201608;45;;40.63;;681.25;;10/03/2016
39;2;201608;88;;20.55;;695.85;;10/03/2016
39;3;201608;71;;85.96;;772;;10/03/2016
39;1;201609;6;;70.54;;49.63;;10/03/2016
39;2;201609;25;;95.78;;946.2;;10/03/2016
39;3;201609;94;;42.69;;846.59;;10/03/2016
39;1;201610;98;;22.51;;687.88;;10/03/2016
39;2;201610;12;;55.56;;398.9;;10/03/2016
39;3;201610;5;;49.36;;837.89;;10/03/2016
39;1;201611;62;;96.63;;340;;10/03/2016
39;2;201611;36;;30.7;;901.94;;10/03/2016
39;3;201611;29;;25.86;;252.29;;10/03/2016
39;1;201612;37;;53.48;;935.88;;10/03/2016
39;2;201612;1;;8.42;;912.35;;10/03/2016
39;3;201612;71;;4.45;;414.05;;10/03/2016
38;1;201601;9;;3.36;;978.26;;10/03/2016
38;2;201601;54;;54.69;;263.21;;10/03/2016
38;3;201601;28;;19.77;;442.44;;10/03/2016
38;1;201602;73;;21.91;;599.65;;10/03/2016
38;2;201602;40;;25.26;;815.44;;10/03/2016
38;3;201602;67;;95.98;;576;;10/03/2016
38;1;201603;66;;58.02;;230.64;;10/03/2016
38;2;201603;76;;49.88;;859.59;;10/03/2016
38;3;201603;81;;87.79;;767.28;;10/03/2016
38;1;201604;15;;75.13;;51.56;;10/03/2016
38;2;201604;20;;38.82;;483.57;;10/03/2016
38;3;201604;4;;24.35;;952.98;;10/03/2016
38;1;201605;61;;91.04;;117.19;;10/03/2016
38;2;201605;39;;43.21;;940.92;;10/03/2016
38;3;201605;59;;53.85;;619.64;;10/03/2016
38;1;201606;20;;27.94;;904.83;;10/03/2016
38;2;201606;95;;63.59;;372.15;;10/03/2016
38;3;201606;51;;50.08;;765.59;;10/03/2016
38;1;201607;89;;80.16;;338.61;;10/03/2016
38;2;201607;94;;9.85;;484.47;;10/03/2016
38;3;201607;66;;48.73;;577.79;;10/03/2016
38;1;201608;98;;9.18;;128.73;;10/03/2016
38;2;201608;67;;52.28;;777.17;;10/03/2016
38;3;201608;85;;31.07;;887.53;;10/03/2016
38;1;201609;58;;12.96;;752.3;;10/03/2016
38;2;201609;46;;19.38;;442.34;;10/03/2016
38;3;201609;84;;4.88;;742.84;;10/03/2016
38;1;201610;91;;35.87;;768.92;;10/03/2016
38;2;201610;5;;27.2;;311.65;;10/03/2016
38;3;201610;53;;9.89;;34.45;;10/03/2016
38;1;201611;64;;33.12;;261.72;;10/03/2016
38;2;201611;68;;59.55;;632.77;;10/03/2016
38;3;201611;15;;45.21;;963.58;;10/03/2016
38;1;201612;96;;79.25;;924.69;;10/03/2016
38;2;201612;13;;30.27;;143.62;;10/03/2016
38;3;201612;19;;5.19;;103.12;;10/03/2016
37;1;201601;69;;48.57;;370.45;;10/03/2016
37;2;201601;16;;7.45;;419.37;;10/03/2016
37;3;201601;74;;13.83;;197.44;;10/03/2016
37;1;201602;60;;9.95;;77.63;;10/03/2016
37;2;201602;1;;58.33;;490.92;;10/03/2016
37;3;201602;64;;0.03;;287.91;;10/03/2016
37;1;201603;25;;8.9;;898.63;;10/03/2016
37;2;201603;57;;87.37;;636.41;;10/03/2016
37;3;201603;52;;94.85;;227.64;;10/03/2016
37;1;201604;98;;16.24;;95.9;;10/03/2016
37;2;201604;6;;87.53;;581.04;;10/03/2016
37;3;201604;85;;70.42;;127.67;;10/03/2016
37;1;201605;94;;4.38;;164.57;;10/03/2016
37;2;201605;87;;61.22;;839.56;;10/03/2016
37;3;201605;69;;92.83;;760.56;;10/03/2016
37;1;201606;34;;10.01;;61.28;;10/03/2016
37;2;201606;1;;82.73;;707.35;;10/03/2016
37;3;201606;81;;81.13;;708.56;;10/03/2016
37;1;201607;64;;36.29;;350.82;;10/03/2016
37;2;201607;60;;9.98;;109.12;;10/03/2016
37;3;201607;72;;72.92;;762.35;;10/03/2016
37;1;201608;69;;17.3;;830.98;;10/03/2016
37;2;201608;47;;14.89;;802.58;;10/03/2016
37;3;201608;91;;38.69;;892.9;;10/03/2016
37;1;201609;3;;99.81;;416.23;;10/03/2016
37;2;201609;68;;98.89;;242.05;;10/03/2016
37;3;201609;92;;24.96;;325.54;;10/03/2016
37;1;201610;64;;95.07;;497.42;;10/03/2016
37;2;201610;55;;18.95;;644.58;;10/03/2016
37;3;201610;58;;64.45;;409.73;;10/03/2016
37;1;201611;6;;61.63;;755.91;;10/03/2016
37;2;201611;36;;34.8;;749.76;;10/03/2016
37;3;201611;29;;75.5;;370.89;;10/03/2016
37;1;201612;85;;60.53;;951.99;;10/03/2016
37;2;201612;15;;57.93;;45.85;;10/03/2016
37;3;201612;20;;18.82;;750.22;;10/03/2016
36;1;201601;97;;74.49;;552.5;;10/03/2016
36;2;201601;77;;18.47;;289.1;;10/03/2016
36;3;201601;97;;57.01;;91.24;;10/03/2016
36;1;201602;69;;35.81;;952.59;;10/03/2016
36;2;201602;59;;17.19;;212.19;;10/03/2016
36;3;201602;67;;14.22;;264.95;;10/03/2016
36;1;201603;13;;5.96;;548.42;;10/03/2016
36;2;201603;0;;85.31;;179.46;;10/03/2016
36;3;201603;0;;31.84;;209.43;;10/03/2016
36;1;201604;22;;19.91;;920.49;;10/03/2016
36;2;201604;71;;43.87;;444.39;;10/03/2016
36;3;201604;81;;95.29;;641.79;;10/03/2016
36;1;201605;10;;50.36;;582.17;;10/03/2016
36;2;201605;55;;40.22;;864.71;;10/03/2016
36;3;201605;99;;80.44;;913.31;;10/03/2016
36;1;201606;40;;73.41;;859.37;;10/03/2016
36;2;201606;51;;0.14;;391.06;;10/03/2016
36;3;201606;28;;65.27;;570.53;;10/03/2016
36;1;201607;61;;79.86;;83.56;;10/03/2016
36;2;201607;28;;18.17;;697.43;;10/03/2016
36;3;201607;0;;49.99;;639.03;;10/03/2016
36;1;201608;29;;27.76;;296.05;;10/03/2016
36;2;201608;6;;48.7;;271.1;;10/03/2016
36;3;201608;45;;72.8;;205.66;;10/03/2016
36;1;201609;71;;35.93;;718.86;;10/03/2016
36;2;201609;96;;92.18;;767.05;;10/03/2016
36;3;201609;24;;89.05;;385.23;;10/03/2016
36;1;201610;27;;66.33;;32.02;;10/03/2016
36;2;201610;22;;48.55;;395.52;;10/03/2016
36;3;201610;47;;51.98;;633.89;;10/03/2016
36;1;201611;59;;4.56;;201.03;;10/03/2016
36;2;201611;31;;41.48;;620.03;;10/03/2016
36;3;201611;33;;74.62;;825.18;;10/03/2016
36;1;201612;85;;83.08;;371.76;;10/03/2016
36;2;201612;44;;59.49;;9.78;;10/03/2016
36;3;201612;71;;34.36;;429.26;;10/03/2016
35;1;201601;87;;14.97;;326.5;;10/03/2016
35;2;201601;79;;75.47;;23.76;;10/03/2016
35;3;201601;4;;12.83;;67.93;;10/03/2016
35;1;201602;39;;0.56;;702.54;;10/03/2016
35;2;201602;90;;8.71;;195.39;;10/03/2016
35;3;201602;8;;62.8;;568.36;;10/03/2016
35;1;201603;65;;0.68;;48.2;;10/03/2016
35;2;201603;42;;15.47;;843.12;;10/03/2016
35;3;201603;31;;50.04;;438.82;;10/03/2016
35;1;201604;44;;50.23;;929.14;;10/03/2016
35;2;201604;26;;94.61;;256.58;;10/03/2016
35;3;201604;89;;27.63;;628.9;;10/03/2016
35;1;201605;59;;37.7;;5.29;;10/03/2016
35;2;201605;38;;86.08;;147.33;;10/03/2016
35;3;201605;45;;93.5;;300.85;;10/03/2016
35;1;201606;41;;10.3;;649.77;;10/03/2016
35;2;201606;52;;43.86;;214.15;;10/03/2016
35;3;201606;65;;72.95;;634.16;;10/03/2016
35;1;201607;62;;55.48;;677.11;;10/03/2016
35;2;201607;2;;84.89;;253.19;;10/03/2016
35;3;201607;86;;11.91;;518.88;;10/03/2016
35;1;201608;90;;76.82;;651.96;;10/03/2016
35;2;201608;45;;27.15;;666.14;;10/03/2016
35;3;201608;96;;70.69;;15.41;;10/03/2016
35;1;201609;77;;80.62;;619.69;;10/03/2016
35;2;201609;94;;10.68;;211.05;;10/03/2016
35;3;201609;83;;16.59;;455.69;;10/03/2016
35;1;201610;31;;88.37;;932.67;;10/03/2016
35;2;201610;79;;94.16;;937.39;;10/03/2016
35;3;201610;43;;15.65;;186.02;;10/03/2016
35;1;201611;31;;5.3;;829.98;;10/03/2016
35;2;201611;62;;13.2;;412.89;;10/03/2016
35;3;201611;95;;97.57;;158.92;;10/03/2016
35;1;201612;67;;1.49;;307.42;;10/03/2016
35;2;201612;65;;74.82;;414.68;;10/03/2016
35;3;201612;14;;75.55;;266.99;;10/03/2016
34;1;201601;91;;75.63;;56.16;;10/03/2016
34;2;201601;37;;77.72;;35.58;;10/03/2016
34;3;201601;75;;66.84;;607.37;;10/03/2016
34;1;201602;48;;71.26;;673.31;;10/03/2016
34;2;201602;12;;82.83;;451.01;;10/03/2016
34;3;201602;17;;90.76;;243.79;;10/03/2016
34;1;201603;67;;36.54;;915.97;;10/03/2016
34;2;201603;28;;53.74;;72;;10/03/2016
34;3;201603;23;;41.33;;238.51;;10/03/2016
34;1;201604;56;;52.1;;788.28;;10/03/2016
34;2;201604;10;;70.65;;660.47;;10/03/2016
34;3;201604;28;;49.92;;351.11;;10/03/2016
34;1;201605;66;;67.33;;115.31;;10/03/2016
34;2;201605;67;;87.27;;716.84;;10/03/2016
34;3;201605;13;;50.76;;490.46;;10/03/2016
34;1;201606;61;;96.33;;337.45;;10/03/2016
34;2;201606;1;;45.94;;559.62;;10/03/2016
34;3;201606;50;;74.15;;851.07;;10/03/2016
34;1;201607;25;;94.77;;360.44;;10/03/2016
34;2;201607;19;;16.63;;641.69;;10/03/2016
34;3;201607;98;;1.11;;289.02;;10/03/2016
34;1;201608;83;;18.53;;578.28;;10/03/2016
34;2;201608;7;;90.63;;443.86;;10/03/2016
34;3;201608;66;;3.01;;330.41;;10/03/2016
34;1;201609;58;;44.38;;916.95;;10/03/2016
34;2;201609;33;;5.7;;588.28;;10/03/2016
34;3;201609;88;;64.24;;638.99;;10/03/2016
34;1;201610;77;;21.69;;191.26;;10/03/2016
34;2;201610;46;;6.63;;945.24;;10/03/2016
34;3;201610;95;;97.45;;637.24;;10/03/2016
34;1;201611;82;;94;;914.35;;10/03/2016
34;2;201611;20;;91.9;;505.37;;10/03/2016
34;3;201611;49;;63.9;;791.32;;10/03/2016
34;1;201612;17;;97.14;;592.83;;10/03/2016
34;2;201612;50;;61.04;;332.2;;10/03/2016
34;3;201612;57;;71.74;;575.89;;10/03/2016
33;1;201601;43;;96.06;;941.55;;10/03/2016
33;2;201601;59;;70.08;;902.65;;10/03/2016
33;3;201601;84;;46.91;;515.82;;10/03/2016
33;1;201602;65;;78.03;;429.85;;10/03/2016
33;2;201602;79;;98.27;;345.54;;10/03/2016
33;3;201602;58;;95.04;;46.9;;10/03/2016
33;1;201603;6;;11.1;;677.32;;10/03/2016
33;2;201603;92;;86.86;;191.55;;10/03/2016
33;3;201603;90;;63.68;;607.84;;10/03/2016
33;1;201604;91;;63.71;;389.04;;10/03/2016
33;2;201604;4;;5.15;;276.36;;10/03/2016
33;3;201604;55;;12.9;;323.51;;10/03/2016
33;1;201605;53;;22.24;;878.53;;10/03/2016
33;2;201605;42;;71.43;;935.36;;10/03/2016
33;3;201605;27;;7.89;;25.39;;10/03/2016
33;1;201606;3;;64.77;;463.52;;10/03/2016
33;2;201606;56;;89.04;;598.82;;10/03/2016
33;3;201606;78;;74.82;;29.36;;10/03/2016
33;1;201607;79;;87.36;;839.63;;10/03/2016
33;2;201607;58;;43.64;;223.63;;10/03/2016
33;3;201607;24;;39.88;;365.51;;10/03/2016
33;1;201608;49;;66.82;;696.21;;10/03/2016
33;2;201608;75;;1.71;;652.71;;10/03/2016
33;3;201608;65;;69.88;;363.47;;10/03/2016
33;1;201609;83;;96.5;;366.03;;10/03/2016
33;2;201609;5;;32.37;;300.84;;10/03/2016
33;3;201609;95;;31.22;;578.51;;10/03/2016
33;1;201610;6;;93.66;;949.54;;10/03/2016
33;2;201610;26;;27.83;;531.31;;10/03/2016
33;3;201610;23;;19.22;;112.69;;10/03/2016
33;1;201611;9;;36.51;;501.74;;10/03/2016
33;2;201611;91;;86.89;;706.94;;10/03/2016
33;3;201611;36;;29.88;;339.52;;10/03/2016
33;1;201612;81;;52.64;;975.53;;10/03/2016
33;2;201612;23;;92.71;;104.11;;10/03/2016
33;3;201612;65;;2.23;;220.46;;10/03/2016
32;1;201601;99;;73.1;;818.8;;10/03/2016
32;2;201601;41;;50.76;;678.76;;10/03/2016
32;3;201601;31;;17.54;;863.22;;10/03/2016
32;1;201602;58;;14.63;;963.05;;10/03/2016
32;2;201602;89;;11.72;;528.58;;10/03/2016
32;3;201602;93;;96.74;;438.03;;10/03/2016
32;1;201603;47;;100;;763.65;;10/03/2016
32;2;201603;74;;81.41;;544.05;;10/03/2016
32;3;201603;12;;22.76;;333.45;;10/03/2016
32;1;201604;21;;32.66;;257.67;;10/03/2016
32;2;201604;72;;56.54;;10.84;;10/03/2016
32;3;201604;62;;38.17;;759.56;;10/03/2016
32;1;201605;52;;54.27;;142.07;;10/03/2016
32;2;201605;81;;21.11;;737.32;;10/03/2016
32;3;201605;98;;11.24;;360.45;;10/03/2016
32;1;201606;18;;42.22;;365.61;;10/03/2016
32;2;201606;58;;54.06;;388.73;;10/03/2016
32;3;201606;2;;60.86;;598.67;;10/03/2016
32;1;201607;92;;26.78;;831.33;;10/03/2016
32;2;201607;36;;59.36;;512.17;;10/03/2016
32;3;201607;48;;64.72;;441.47;;10/03/2016
32;1;201608;62;;60.83;;603.75;;10/03/2016
32;2;201608;37;;32.64;;777.07;;10/03/2016
32;3;201608;47;;67.86;;639.6;;10/03/2016
32;1;201609;81;;42.55;;874.91;;10/03/2016
32;2;201609;52;;70.84;;193.99;;10/03/2016
32;3;201609;48;;91.23;;346.98;;10/03/2016
32;1;201610;57;;78.23;;278.23;;10/03/2016
32;2;201610;73;;62.39;;173.48;;10/03/2016
32;3;201610;91;;19.82;;992.13;;10/03/2016
32;1;201611;26;;7.21;;388.8;;10/03/2016
32;2;201611;78;;29.96;;89.2;;10/03/2016
32;3;201611;13;;97.27;;943.93;;10/03/2016
32;1;201612;74;;69.49;;76.91;;10/03/2016
32;2;201612;91;;56.93;;795.06;;10/03/2016
32;3;201612;96;;56.5;;291.38;;10/03/2016
31;1;201601;9;;68.26;;110.02;;10/03/2016
31;2;201601;18;;25.2;;287.91;;10/03/2016
31;3;201601;2;;60.85;;421.07;;10/03/2016
31;1;201602;28;;67.52;;632.53;;10/03/2016
31;2;201602;52;;6.17;;25.88;;10/03/2016
31;3;201602;13;;8.12;;950.18;;10/03/2016
31;1;201603;41;;10.4;;396.17;;10/03/2016
31;2;201603;24;;5.58;;159.47;;10/03/2016
31;3;201603;28;;90.22;;639.42;;10/03/2016
31;1;201604;88;;90.7;;475.87;;10/03/2016
31;2;201604;83;;34.99;;481.84;;10/03/2016
31;3;201604;1;;11.67;;472;;10/03/2016
31;1;201605;76;;33.06;;159.3;;10/03/2016
31;2;201605;77;;27.09;;762.76;;10/03/2016
31;3;201605;56;;69.84;;757.68;;10/03/2016
31;1;201606;22;;11.95;;134.21;;10/03/2016
31;2;201606;34;;12.18;;512.11;;10/03/2016
31;3;201606;42;;47.31;;50.5;;10/03/2016
31;1;201607;100;;10.04;;731.7;;10/03/2016
31;2;201607;28;;21.63;;713.22;;10/03/2016
31;3;201607;35;;82.96;;497.49;;10/03/2016
31;1;201608;17;;85.01;;621.39;;10/03/2016
31;2;201608;99;;9.11;;728.37;;10/03/2016
31;3;201608;46;;49.89;;709.56;;10/03/2016
31;1;201609;35;;87.47;;722.2;;10/03/2016
31;2;201609;21;;37.39;;996.07;;10/03/2016
31;3;201609;34;;61.68;;414.87;;10/03/2016
31;1;201610;56;;25.16;;607.37;;10/03/2016
31;2;201610;5;;88.68;;327.32;;10/03/2016
31;3;201610;56;;96.33;;274.51;;10/03/2016
31;1;201611;43;;1.71;;800.59;;10/03/2016
31;2;201611;68;;10.17;;785.55;;10/03/2016
31;3;201611;21;;56.63;;402.56;;10/03/2016
31;1;201612;18;;96.18;;244.58;;10/03/2016
31;2;201612;15;;52.38;;438.63;;10/03/2016
31;3;201612;69;;47.18;;873.59;;10/03/2016
30;1;201601;17;;15.33;;209.91;;10/03/2016
30;2;201601;99;;8.6;;948.79;;10/03/2016
30;3;201601;51;;23.1;;934.41;;10/03/2016
30;1;201602;67;;77.09;;590.02;;10/03/2016
30;2;201602;56;;62.02;;51.53;;10/03/2016
30;3;201602;53;;43.62;;465.16;;10/03/2016
30;1;201603;48;;23.02;;488.76;;10/03/2016
30;2;201603;43;;33.59;;699.79;;10/03/2016
30;3;201603;60;;9.31;;117.96;;10/03/2016
30;1;201604;59;;67.2;;709.16;;10/03/2016
30;2;201604;71;;49.23;;153.41;;10/03/2016
30;3;201604;85;;66.22;;922.76;;10/03/2016
30;1;201605;95;;54.7;;779.34;;10/03/2016
30;2;201605;27;;2.44;;965.65;;10/03/2016
30;3;201605;93;;78.61;;665.1;;10/03/2016
30;1;201606;24;;33.88;;932.3;;10/03/2016
30;2;201606;57;;52.89;;158.84;;10/03/2016
30;3;201606;44;;70.09;;976.73;;10/03/2016
30;1;201607;12;;55.43;;164.31;;10/03/2016
30;2;201607;2;;42.44;;869.64;;10/03/2016
30;3;201607;67;;70.09;;705.47;;10/03/2016
30;1;201608;69;;99.35;;965.04;;10/03/2016
30;2;201608;11;;39.41;;66.05;;10/03/2016
30;3;201608;39;;76.19;;345.45;;10/03/2016
30;1;201609;59;;45.33;;570.2;;10/03/2016
30;2;201609;26;;51.82;;957.47;;10/03/2016
30;3;201609;73;;92.76;;846.29;;10/03/2016
30;1;201610;26;;22.31;;492.54;;10/03/2016
30;2;201610;44;;53.94;;865.74;;10/03/2016
30;3;201610;82;;14.62;;674.44;;10/03/2016
30;1;201611;8;;81.95;;854.9;;10/03/2016
30;2;201611;83;;17.74;;951.73;;10/03/2016
30;3;201611;82;;62.98;;787.74;;10/03/2016
30;1;201612;32;;18.23;;187.5;;10/03/2016
30;2;201612;79;;42.96;;708.48;;10/03/2016
30;3;201612;95;;68.44;;668.94;;10/03/2016
29;1;201601;70;;77.28;;26.5;;10/03/2016
29;2;201601;28;;5.06;;257.47;;10/03/2016
29;3;201601;48;;59.25;;804.97;;10/03/2016
29;1;201602;17;;31.18;;50.62;;10/03/2016
29;2;201602;7;;33.87;;0.6;;10/03/2016
29;3;201602;69;;26.13;;634.24;;10/03/2016
29;1;201603;81;;3.58;;12.67;;10/03/2016
29;2;201603;76;;85.77;;640.81;;10/03/2016
29;3;201603;60;;3.74;;174.52;;10/03/2016
29;1;201604;70;;83.47;;699;;10/03/2016
29;2;201604;84;;49.2;;790.53;;10/03/2016
29;3;201604;46;;66.34;;842.91;;10/03/2016
29;1;201605;1;;23;;150.85;;10/03/2016
29;2;201605;46;;20.16;;769.6;;10/03/2016
29;3;201605;27;;55.92;;331.26;;10/03/2016
29;1;201606;35;;94;;512.41;;10/03/2016
29;2;201606;36;;32.13;;304.47;;10/03/2016
29;3;201606;47;;5.28;;82.02;;10/03/2016
29;1;201607;86;;57.21;;373.07;;10/03/2016
29;2;201607;80;;4.51;;361.55;;10/03/2016
29;3;201607;89;;47.44;;866.67;;10/03/2016
29;1;201608;17;;72.12;;969.67;;10/03/2016
29;2;201608;23;;33.82;;34.83;;10/03/2016
29;3;201608;39;;89.89;;51.74;;10/03/2016
29;1;201609;45;;38.88;;352.91;;10/03/2016
29;2;201609;99;;89.11;;235.17;;10/03/2016
29;3;201609;36;;34.89;;817.81;;10/03/2016
29;1;201610;47;;49.32;;664.59;;10/03/2016
29;2;201610;23;;89.86;;101.21;;10/03/2016
29;3;201610;8;;63.81;;781.8;;10/03/2016
29;1;201611;9;;59.49;;886.79;;10/03/2016
29;2;201611;3;;95.15;;610.58;;10/03/2016
29;3;201611;75;;92.5;;62.95;;10/03/2016
29;1;201612;42;;73.92;;947.34;;10/03/2016
29;2;201612;2;;32.09;;70.46;;10/03/2016
29;3;201612;47;;18.09;;951.51;;10/03/2016
28;1;201601;24;;29.28;;728.9;;10/03/2016
28;2;201601;34;;44.57;;297.94;;10/03/2016
28;3;201601;74;;49.03;;786.17;;10/03/2016
28;1;201602;20;;35.84;;483.68;;10/03/2016
28;2;201602;82;;34.41;;349.23;;10/03/2016
28;3;201602;10;;76.52;;197.37;;10/03/2016
28;1;201603;95;;13.4;;520.8;;10/03/2016
28;2;201603;61;;30.51;;314.85;;10/03/2016
28;3;201603;90;;36.9;;576.86;;10/03/2016
28;1;201604;49;;89.01;;881.07;;10/03/2016
28;2;201604;52;;24.27;;527.28;;10/03/2016
28;3;201604;81;;4.12;;929.81;;10/03/2016
28;1;201605;11;;11.13;;674.92;;10/03/2016
28;2;201605;79;;24.73;;417.5;;10/03/2016
28;3;201605;10;;76.35;;367.64;;10/03/2016
28;1;201606;94;;78.17;;536.61;;10/03/2016
28;2;201606;97;;27.09;;881.12;;10/03/2016
28;3;201606;3;;49.53;;803.5;;10/03/2016
28;1;201607;2;;42.02;;573.21;;10/03/2016
28;2;201607;27;;85.97;;30.14;;10/03/2016
28;3;201607;15;;64.05;;913.66;;10/03/2016
28;1;201608;89;;18.86;;195.12;;10/03/2016
28;2;201608;95;;62.61;;637.96;;10/03/2016
28;3;201608;16;;0.71;;862.75;;10/03/2016
28;1;201609;17;;83.76;;505.65;;10/03/2016
28;2;201609;11;;6.1;;307.83;;10/03/2016
28;3;201609;38;;42.12;;308.07;;10/03/2016
28;1;201610;14;;69.58;;80.72;;10/03/2016
28;2;201610;31;;18.94;;117.77;;10/03/2016
28;3;201610;68;;98.28;;563.61;;10/03/2016
28;1;201611;57;;49.65;;11.38;;10/03/2016
28;2;201611;90;;98.81;;683.2;;10/03/2016
28;3;201611;86;;50.41;;145.86;;10/03/2016
28;1;201612;55;;14.78;;804.08;;10/03/2016
28;2;201612;63;;11.13;;118.12;;10/03/2016
28;3;201612;96;;13.67;;983.34;;10/03/2016
27;1;201601;62;;59.84;;335.54;;10/03/2016
27;2;201601;96;;74.45;;155.32;;10/03/2016
27;3;201601;27;;52.71;;651.69;;10/03/2016
27;1;201602;73;;18.93;;21.1;;10/03/2016
27;2;201602;3;;1.8;;267.32;;10/03/2016
27;3;201602;61;;27.97;;284.15;;10/03/2016
27;1;201603;0;;2.9;;861.59;;10/03/2016
27;2;201603;19;;3.66;;29.95;;10/03/2016
27;3;201603;41;;43.45;;419.3;;10/03/2016
27;1;201604;37;;9.05;;746.56;;10/03/2016
27;2;201604;73;;82.84;;33.69;;10/03/2016
27;3;201604;93;;1.32;;437.12;;10/03/2016
27;1;201605;8;;93.2;;410.34;;10/03/2016
27;2;201605;95;;48.09;;796.36;;10/03/2016
27;3;201605;7;;30.14;;804.22;;10/03/2016
27;1;201606;61;;95.41;;94.33;;10/03/2016
27;2;201606;71;;48.53;;496.97;;10/03/2016
27;3;201606;47;;57.45;;797.34;;10/03/2016
27;1;201607;77;;72.88;;300.4;;10/03/2016
27;2;201607;35;;52.22;;941.95;;10/03/2016
27;3;201607;59;;88.02;;933.51;;10/03/2016
27;1;201608;43;;21.79;;417.02;;10/03/2016
27;2;201608;38;;64.56;;222.31;;10/03/2016
27;3;201608;28;;62.05;;115.74;;10/03/2016
27;1;201609;15;;65.69;;529.55;;10/03/2016
27;2;201609;90;;74.97;;981.69;;10/03/2016
27;3;201609;36;;97.8;;424.02;;10/03/2016
27;1;201610;49;;71.16;;544.28;;10/03/2016
27;2;201610;76;;19.32;;289.83;;10/03/2016
27;3;201610;63;;29.72;;626;;10/03/2016
27;1;201611;42;;5.62;;816.1;;10/03/2016
27;2;201611;34;;99.04;;599.04;;10/03/2016
27;3;201611;61;;39.88;;204.88;;10/03/2016
27;1;201612;85;;7.53;;851.22;;10/03/2016
27;2;201612;30;;88.21;;128.11;;10/03/2016
27;3;201612;62;;99.41;;289.89;;10/03/2016
26;1;201601;69;;42.04;;36.75;;10/03/2016
26;2;201601;84;;56.71;;823.91;;10/03/2016
26;3;201601;30;;60.61;;118.7;;10/03/2016
26;1;201602;20;;37.26;;412.09;;10/03/2016
26;2;201602;2;;59.88;;373.36;;10/03/2016
26;3;201602;45;;44.65;;933.3;;10/03/2016
26;1;201603;30;;97.62;;779.79;;10/03/2016
26;2;201603;62;;70.77;;394.4;;10/03/2016
26;3;201603;23;;77.63;;645.59;;10/03/2016
26;1;201604;60;;30.12;;90.78;;10/03/2016
26;2;201604;63;;69.12;;751.26;;10/03/2016
26;3;201604;38;;38.18;;450.28;;10/03/2016
26;1;201605;90;;8.07;;614.85;;10/03/2016
26;2;201605;31;;18.22;;729.05;;10/03/2016
26;3;201605;58;;28.57;;309.49;;10/03/2016
26;1;201606;88;;56.9;;455.58;;10/03/2016
26;2;201606;74;;11.82;;946.01;;10/03/2016
26;3;201606;35;;62.11;;224.81;;10/03/2016
26;1;201607;68;;85.18;;588.75;;10/03/2016
26;2;201607;64;;4.83;;503.55;;10/03/2016
26;3;201607;36;;15.35;;848.65;;10/03/2016
26;1;201608;95;;15.24;;707.19;;10/03/2016
26;2;201608;89;;53.6;;450.99;;10/03/2016
26;3;201608;23;;52.2;;371.74;;10/03/2016
26;1;201609;100;;60.39;;622.16;;10/03/2016
26;2;201609;83;;98.33;;61.31;;10/03/2016
26;3;201609;35;;85.66;;384.87;;10/03/2016
26;1;201610;59;;87.7;;26.76;;10/03/2016
26;2;201610;65;;8.54;;407.79;;10/03/2016
26;3;201610;37;;66.26;;169.69;;10/03/2016
26;1;201611;17;;71.46;;791.19;;10/03/2016
26;2;201611;98;;45.4;;84.5;;10/03/2016
26;3;201611;98;;78.11;;677.88;;10/03/2016
26;1;201612;86;;4.36;;698.97;;10/03/2016
26;2;201612;80;;32.59;;106.87;;10/03/2016
26;3;201612;10;;73.87;;710.86;;10/03/2016
25;1;201601;54;;37.46;;105.11;;10/03/2016
25;2;201601;2;;87.33;;882.89;;10/03/2016
25;3;201601;82;;71.37;;809.11;;10/03/2016
25;1;201602;36;;88.62;;207.48;;10/03/2016
25;2;201602;22;;16.98;;119.76;;10/03/2016
25;3;201602;99;;79.19;;558.27;;10/03/2016
25;1;201603;58;;92.3;;64.86;;10/03/2016
25;2;201603;38;;51.07;;5.84;;10/03/2016
25;3;201603;56;;71.39;;783.28;;10/03/2016
25;1;201604;88;;34.37;;904.67;;10/03/2016
25;2;201604;34;;95.55;;57.15;;10/03/2016
25;3;201604;14;;44.84;;599.1;;10/03/2016
25;1;201605;41;;4.55;;409.4;;10/03/2016
25;2;201605;44;;9.69;;419.38;;10/03/2016
25;3;201605;56;;48.09;;651.97;;10/03/2016
25;1;201606;25;;67.13;;947.79;;10/03/2016
25;2;201606;37;;18.24;;61.35;;10/03/2016
25;3;201606;6;;63.48;;581.87;;10/03/2016
25;1;201607;26;;60.46;;433.94;;10/03/2016
25;2;201607;47;;68.76;;317.3;;10/03/2016
25;3;201607;62;;45.62;;429.6;;10/03/2016
25;1;201608;52;;77.3;;718.72;;10/03/2016
25;2;201608;67;;37.63;;222.98;;10/03/2016
25;3;201608;29;;20.1;;198.07;;10/03/2016
25;1;201609;50;;77.36;;0.52;;10/03/2016
25;2;201609;31;;81.45;;815.49;;10/03/2016
25;3;201609;37;;45.74;;639.76;;10/03/2016
25;1;201610;52;;63.06;;938.3;;10/03/2016
25;2;201610;42;;76.55;;138.34;;10/03/2016
25;3;201610;24;;1.68;;790.82;;10/03/2016
25;1;201611;39;;98.58;;309.96;;10/03/2016
25;2;201611;0;;65.09;;170.29;;10/03/2016
25;3;201611;84;;33.64;;369.74;;10/03/2016
25;1;201612;25;;92.33;;186.45;;10/03/2016
25;2;201612;9;;84.52;;31.21;;10/03/2016
25;3;201612;52;;83.45;;465.27;;10/03/2016
24;1;201601;64;;15.51;;427.72;;10/03/2016
24;2;201601;11;;15.8;;845.78;;10/03/2016
24;3;201601;90;;17.28;;863.91;;10/03/2016
24;1;201602;36;;73.6;;29.39;;10/03/2016
24;2;201602;67;;39.32;;907.53;;10/03/2016
24;3;201602;45;;57.28;;205.02;;10/03/2016
24;1;201603;35;;74.79;;994.27;;10/03/2016
24;2;201603;46;;11.18;;633.7;;10/03/2016
24;3;201603;40;;91.94;;896.48;;10/03/2016
24;1;201604;8;;37.41;;906.9;;10/03/2016
24;2;201604;96;;65.81;;115.23;;10/03/2016
24;3;201604;30;;80.93;;418.07;;10/03/2016
24;1;201605;99;;68.96;;613.63;;10/03/2016
24;2;201605;63;;6.78;;14.77;;10/03/2016
24;3;201605;9;;12.27;;220.95;;10/03/2016
24;1;201606;14;;24.2;;875.9;;10/03/2016
24;2;201606;49;;48.3;;476.48;;10/03/2016
24;3;201606;95;;59.46;;794.14;;10/03/2016
24;1;201607;11;;63.01;;60.33;;10/03/2016
24;2;201607;23;;8.06;;727.08;;10/03/2016
24;3;201607;26;;73.4;;837.78;;10/03/2016
24;1;201608;2;;51.45;;272.85;;10/03/2016
24;2;201608;77;;4.19;;70.49;;10/03/2016
24;3;201608;18;;65.36;;899.58;;10/03/2016
24;1;201609;4;;97.28;;119.19;;10/03/2016
24;2;201609;61;;65.42;;272.17;;10/03/2016
24;3;201609;60;;4.75;;419.24;;10/03/2016
24;1;201610;78;;14.43;;879.11;;10/03/2016
24;2;201610;19;;35.92;;419.06;;10/03/2016
24;3;201610;22;;15.76;;258.35;;10/03/2016
24;1;201611;33;;27.96;;709.05;;10/03/2016
24;2;201611;74;;93.43;;487.09;;10/03/2016
24;3;201611;68;;10.75;;125.3;;10/03/2016
24;1;201612;13;;22.78;;687.2;;10/03/2016
24;2;201612;44;;64.06;;865.49;;10/03/2016
24;3;201612;63;;93.97;;691.58;;10/03/2016
23;1;201601;85;;49.93;;665.91;;10/03/2016
23;2;201601;63;;39.77;;19.12;;10/03/2016
23;3;201601;9;;65.74;;107.84;;10/03/2016
23;1;201602;80;;16.2;;648.02;;10/03/2016
23;2;201602;2;;5.92;;655.61;;10/03/2016
23;3;201602;74;;84.56;;511.55;;10/03/2016
23;1;201603;74;;2.02;;412.34;;10/03/2016
23;2;201603;67;;48.68;;54.51;;10/03/2016
23;3;201603;80;;39.74;;989.06;;10/03/2016
23;1;201604;16;;48.33;;981.03;;10/03/2016
23;2;201604;61;;33.33;;984.63;;10/03/2016
23;3;201604;26;;8.77;;789.26;;10/03/2016
23;1;201605;77;;17.8;;475.56;;10/03/2016
23;2;201605;3;;83.92;;97.32;;10/03/2016
23;3;201605;58;;16.32;;313.74;;10/03/2016
23;1;201606;38;;62.95;;919.88;;10/03/2016
23;2;201606;28;;79.25;;319.92;;10/03/2016
23;3;201606;95;;14.67;;323.96;;10/03/2016
23;1;201607;59;;22.23;;849.4;;10/03/2016
23;2;201607;54;;52.52;;396.13;;10/03/2016
23;3;201607;53;;59.98;;716.88;;10/03/2016
23;1;201608;2;;20.36;;58.24;;10/03/2016
23;2;201608;43;;15.83;;626.76;;10/03/2016
23;3;201608;67;;2.03;;176.52;;10/03/2016
23;1;201609;48;;94.14;;832.32;;10/03/2016
23;2;201609;76;;27.93;;66.57;;10/03/2016
23;3;201609;51;;14.2;;250.7;;10/03/2016
23;1;201610;4;;9.15;;270.96;;10/03/2016
23;2;201610;45;;7.88;;113.53;;10/03/2016
23;3;201610;75;;18.33;;633.73;;10/03/2016
23;1;201611;1;;79.52;;552.12;;10/03/2016
23;2;201611;58;;40.51;;157.87;;10/03/2016
23;3;201611;80;;97.22;;477.57;;10/03/2016
23;1;201612;38;;60.35;;927.77;;10/03/2016
23;2;201612;65;;89.15;;397.78;;10/03/2016
23;3;201612;23;;66.27;;300.03;;10/03/2016
22;1;201601;2;;62.89;;800.72;;10/03/2016
22;2;201601;24;;52.03;;762.51;;10/03/2016
22;3;201601;83;;34.89;;25.05;;10/03/2016
22;1;201602;61;;28.3;;649.08;;10/03/2016
22;2;201602;32;;37.57;;633.1;;10/03/2016
22;3;201602;66;;40.51;;996.85;;10/03/2016
22;1;201603;78;;94.32;;942.95;;10/03/2016
22;2;201603;38;;85.95;;139.18;;10/03/2016
22;3;201603;46;;26.43;;844.28;;10/03/2016
22;1;201604;89;;73.07;;480.47;;10/03/2016
22;2;201604;58;;97.05;;882.97;;10/03/2016
22;3;201604;96;;49.26;;257.85;;10/03/2016
22;1;201605;45;;76.08;;622.35;;10/03/2016
22;2;201605;58;;19.34;;813.61;;10/03/2016
22;3;201605;48;;24.03;;890.05;;10/03/2016
22;1;201606;2;;6.33;;388.79;;10/03/2016
22;2;201606;56;;17.95;;513.16;;10/03/2016
22;3;201606;93;;99.77;;959.65;;10/03/2016
22;1;201607;9;;53.54;;112.59;;10/03/2016
22;2;201607;51;;75.34;;813.26;;10/03/2016
22;3;201607;94;;95.03;;765;;10/03/2016
22;1;201608;81;;90.16;;182.81;;10/03/2016
22;2;201608;90;;22.85;;324.18;;10/03/2016
22;3;201608;65;;85.81;;444.73;;10/03/2016
22;1;201609;66;;1.26;;879.38;;10/03/2016
22;2;201609;69;;37.84;;797.63;;10/03/2016
22;3;201609;15;;67.65;;519.24;;10/03/2016
22;1;201610;19;;26.79;;780.83;;10/03/2016
22;2;201610;85;;93.22;;680.96;;10/03/2016
22;3;201610;73;;29.14;;440.16;;10/03/2016
22;1;201611;15;;9.95;;46.84;;10/03/2016
22;2;201611;80;;59.41;;575.18;;10/03/2016
22;3;201611;77;;84.93;;400.98;;10/03/2016
22;1;201612;28;;46.69;;448.72;;10/03/2016
22;2;201612;14;;30.3;;275.08;;10/03/2016
22;3;201612;24;;88.64;;618.8;;10/03/2016
21;1;201601;8;;43.64;;824.19;;10/03/2016
21;2;201601;27;;4.49;;344.78;;10/03/2016
21;3;201601;44;;30;;895.78;;10/03/2016
21;1;201602;33;;86.72;;643.99;;10/03/2016
21;2;201602;87;;92.47;;842.9;;10/03/2016
21;3;201602;68;;95.4;;754.38;;10/03/2016
21;1;201603;21;;88.76;;715.72;;10/03/2016
21;2;201603;2;;55.18;;544.92;;10/03/2016
21;3;201603;70;;94.52;;345.37;;10/03/2016
21;1;201604;54;;45.41;;155.01;;10/03/2016
21;2;201604;93;;78.75;;446.95;;10/03/2016
21;3;201604;88;;64.89;;997.61;;10/03/2016
21;1;201605;44;;50.97;;877.62;;10/03/2016
21;2;201605;65;;80.26;;149.55;;10/03/2016
21;3;201605;61;;99.36;;951.51;;10/03/2016
21;1;201606;47;;20.94;;38.77;;10/03/2016
21;2;201606;99;;48.47;;951.09;;10/03/2016
21;3;201606;95;;6.25;;654.37;;10/03/2016
21;1;201607;42;;78.26;;870.16;;10/03/2016
21;2;201607;14;;29.51;;924.92;;10/03/2016
21;3;201607;3;;49.49;;762.74;;10/03/2016
21;1;201608;17;;32.1;;526.04;;10/03/2016
21;2;201608;68;;49.49;;362.79;;10/03/2016
21;3;201608;98;;50.15;;358.04;;10/03/2016
21;1;201609;18;;95.02;;920.6;;10/03/2016
21;2;201609;52;;53.47;;181.1;;10/03/2016
21;3;201609;77;;52.4;;620.12;;10/03/2016
21;1;201610;85;;35.3;;872.69;;10/03/2016
21;2;201610;74;;87.76;;769.32;;10/03/2016
21;3;201610;18;;97.1;;870.23;;10/03/2016
21;1;201611;41;;27.27;;347.25;;10/03/2016
21;2;201611;28;;2.1;;175.58;;10/03/2016
21;3;201611;20;;80.64;;931.95;;10/03/2016
21;1;201612;90;;22.44;;233.22;;10/03/2016
21;2;201612;63;;72.61;;581.59;;10/03/2016
21;3;201612;37;;58.09;;300.45;;10/03/2016
20;1;201601;58;;77.65;;823.88;;10/03/2016
20;2;201601;67;;37.8;;13.47;;10/03/2016
20;3;201601;68;;32.52;;51.96;;10/03/2016
20;1;201602;94;;30.26;;731.76;;10/03/2016
20;2;201602;37;;85.68;;404.23;;10/03/2016
20;3;201602;47;;98.75;;227.05;;10/03/2016
20;1;201603;44;;98.27;;105.82;;10/03/2016
20;2;201603;63;;61.15;;488.71;;10/03/2016
20;3;201603;24;;11.07;;877.36;;10/03/2016
20;1;201604;82;;11.53;;895.32;;10/03/2016
20;2;201604;45;;64.54;;740.08;;10/03/2016
20;3;201604;77;;20.91;;220.62;;10/03/2016
20;1;201605;55;;33.03;;75.68;;10/03/2016
20;2;201605;6;;33.48;;981.31;;10/03/2016
20;3;201605;49;;64.3;;356.15;;10/03/2016
20;1;201606;85;;1.3;;340.62;;10/03/2016
20;2;201606;80;;38.88;;905.12;;10/03/2016
20;3;201606;48;;63.05;;288.47;;10/03/2016
20;1;201607;58;;5.81;;549.32;;10/03/2016
20;2;201607;52;;54.27;;446.89;;10/03/2016
20;3;201607;89;;43.13;;653.2;;10/03/2016
20;1;201608;87;;36.2;;530.83;;10/03/2016
20;2;201608;25;;4.85;;616.59;;10/03/2016
20;3;201608;25;;58.93;;710.55;;10/03/2016
20;1;201609;26;;50.84;;23.91;;10/03/2016
20;2;201609;41;;57.96;;550.34;;10/03/2016
20;3;201609;57;;61.62;;70.26;;10/03/2016
20;1;201610;16;;58.71;;109.12;;10/03/2016
20;2;201610;43;;12.78;;864.42;;10/03/2016
20;3;201610;64;;53.78;;768.21;;10/03/2016
20;1;201611;97;;79.66;;401.2;;10/03/2016
20;2;201611;37;;42.95;;258.39;;10/03/2016
20;3;201611;64;;46.24;;997.06;;10/03/2016
20;1;201612;95;;22.56;;564.8;;10/03/2016
20;2;201612;29;;55.74;;819.9;;10/03/2016
20;3;201612;59;;48.75;;623.76;;10/03/2016
19;1;201601;36;;62.35;;160.84;;10/03/2016
19;2;201601;55;;57.34;;47.24;;10/03/2016
19;3;201601;77;;16.18;;885.44;;10/03/2016
19;1;201602;93;;19.62;;526.63;;10/03/2016
19;2;201602;96;;9.5;;983.85;;10/03/2016
19;3;201602;36;;57.85;;963.6;;10/03/2016
19;1;201603;75;;86.81;;451.95;;10/03/2016
19;2;201603;1;;63.92;;602.56;;10/03/2016
19;3;201603;98;;91.35;;940.31;;10/03/2016
19;1;201604;70;;79.51;;630.65;;10/03/2016
19;2;201604;63;;49.06;;950.18;;10/03/2016
19;3;201604;0;;55.24;;310.64;;10/03/2016
19;1;201605;48;;27.49;;233.18;;10/03/2016
19;2;201605;44;;76.35;;75.07;;10/03/2016
19;3;201605;100;;45.32;;175.98;;10/03/2016
19;1;201606;62;;32.38;;841.51;;10/03/2016
19;2;201606;64;;64.82;;512.97;;10/03/2016
19;3;201606;24;;0.06;;594.43;;10/03/2016
19;1;201607;1;;77.77;;568.77;;10/03/2016
19;2;201607;74;;64.82;;661.09;;10/03/2016
19;3;201607;46;;25.47;;230.74;;10/03/2016
19;1;201608;75;;64.15;;678.05;;10/03/2016
19;2;201608;84;;80.9;;791.43;;10/03/2016
19;3;201608;31;;63.81;;152.28;;10/03/2016
19;1;201609;43;;39.21;;939.48;;10/03/2016
19;2;201609;9;;90.66;;658.66;;10/03/2016
19;3;201609;27;;94.03;;661.44;;10/03/2016
19;1;201610;32;;35.77;;88.49;;10/03/2016
19;2;201610;46;;54.17;;751.79;;10/03/2016
19;3;201610;71;;33.84;;33.58;;10/03/2016
19;1;201611;55;;81.81;;433.07;;10/03/2016
19;2;201611;2;;35.36;;214.07;;10/03/2016
19;3;201611;14;;21.32;;754.96;;10/03/2016
19;1;201612;86;;17.11;;424.03;;10/03/2016
19;2;201612;7;;23.42;;868.05;;10/03/2016
19;3;201612;56;;36.05;;35.4;;10/03/2016
18;1;201601;83;;32.76;;366.07;;10/03/2016
18;2;201601;87;;85.11;;689.19;;10/03/2016
18;3;201601;6;;41.81;;335.95;;10/03/2016
18;1;201602;78;;43.09;;761.21;;10/03/2016
18;2;201602;80;;66.06;;961.82;;10/03/2016
18;3;201602;91;;95.39;;463;;10/03/2016
18;1;201603;46;;82.31;;598.5;;10/03/2016
18;2;201603;92;;78.71;;213.94;;10/03/2016
18;3;201603;42;;41.2;;87.91;;10/03/2016
18;1;201604;85;;42.65;;385.38;;10/03/2016
18;2;201604;5;;50.51;;802.93;;10/03/2016
18;3;201604;31;;57.05;;804.08;;10/03/2016
18;1;201605;40;;53.95;;651.69;;10/03/2016
18;2;201605;5;;25.26;;289.83;;10/03/2016
18;3;201605;75;;11.62;;851.79;;10/03/2016
18;1;201606;30;;11.53;;886.92;;10/03/2016
18;2;201606;99;;92.24;;459.45;;10/03/2016
18;3;201606;71;;25.27;;993.57;;10/03/2016
18;1;201607;24;;72.8;;549.03;;10/03/2016
18;2;201607;28;;9.68;;219.36;;10/03/2016
18;3;201607;95;;82.02;;242.86;;10/03/2016
18;1;201608;27;;27.85;;637.48;;10/03/2016
18;2;201608;49;;61.05;;592.68;;10/03/2016
18;3;201608;26;;70.62;;603.15;;10/03/2016
18;1;201609;72;;76.94;;276.57;;10/03/2016
18;2;201609;50;;83.11;;821.7;;10/03/2016
18;3;201609;4;;2.41;;930.54;;10/03/2016
18;1;201610;20;;25.23;;935.65;;10/03/2016
18;2;201610;8;;49.96;;600.5;;10/03/2016
18;3;201610;86;;76.99;;382.2;;10/03/2016
18;1;201611;71;;63.49;;273.92;;10/03/2016
18;2;201611;46;;9.25;;869.09;;10/03/2016
18;3;201611;98;;64.12;;94.72;;10/03/2016
18;1;201612;26;;53.77;;136.04;;10/03/2016
18;2;201612;48;;58.41;;464.04;;10/03/2016
18;3;201612;41;;4.57;;112.84;;10/03/2016
17;1;201601;100;;21.59;;65.06;;10/03/2016
17;2;201601;89;;37.79;;924.52;;10/03/2016
17;3;201601;71;;23.2;;246.67;;10/03/2016
17;1;201602;96;;19.78;;729.78;;10/03/2016
17;2;201602;91;;59.35;;332.68;;10/03/2016
17;3;201602;61;;55.59;;561.7;;10/03/2016
17;1;201603;60;;39.81;;713.53;;10/03/2016
17;2;201603;85;;73.21;;604.25;;10/03/2016
17;3;201603;20;;49.28;;659.64;;10/03/2016
17;1;201604;52;;53.78;;23.64;;10/03/2016
17;2;201604;88;;24.65;;539.02;;10/03/2016
17;3;201604;40;;46.86;;643.53;;10/03/2016
17;1;201605;89;;60.03;;500.51;;10/03/2016
17;2;201605;78;;98.28;;238.85;;10/03/2016
17;3;201605;66;;30.44;;516.34;;10/03/2016
17;1;201606;40;;52.97;;947.48;;10/03/2016
17;2;201606;18;;41.19;;999.19;;10/03/2016
17;3;201606;42;;82.13;;877.28;;10/03/2016
17;1;201607;77;;94.29;;225.4;;10/03/2016
17;2;201607;44;;25.2;;13.57;;10/03/2016
17;3;201607;48;;18.34;;953.52;;10/03/2016
17;1;201608;50;;75.41;;759;;10/03/2016
17;2;201608;85;;15.4;;641.55;;10/03/2016
17;3;201608;97;;92.44;;946.57;;10/03/2016
17;1;201609;92;;92.56;;554.39;;10/03/2016
17;2;201609;21;;71.52;;255.66;;10/03/2016
17;3;201609;43;;24.06;;867.51;;10/03/2016
17;1;201610;99;;60.81;;847.71;;10/03/2016
17;2;201610;19;;89.33;;910.49;;10/03/2016
17;3;201610;38;;75.71;;823.25;;10/03/2016
17;1;201611;17;;99.97;;967.53;;10/03/2016
17;2;201611;64;;24.6;;310.61;;10/03/2016
17;3;201611;92;;87.63;;421.82;;10/03/2016
17;1;201612;65;;85.03;;333.88;;10/03/2016
17;2;201612;22;;99.82;;713.32;;10/03/2016
17;3;201612;10;;23.23;;743.87;;10/03/2016
16;1;201601;27;;36.91;;76.83;;10/03/2016
16;2;201601;76;;95.84;;574.52;;10/03/2016
16;3;201601;52;;39.38;;453.48;;10/03/2016
16;1;201602;50;;66.35;;669.23;;10/03/2016
16;2;201602;8;;79.55;;806.2;;10/03/2016
16;3;201602;28;;53.55;;508.47;;10/03/2016
16;1;201603;17;;5.73;;224.95;;10/03/2016
16;2;201603;37;;85.49;;253.18;;10/03/2016
16;3;201603;37;;18.26;;570.52;;10/03/2016
16;1;201604;66;;71.5;;897.13;;10/03/2016
16;2;201604;85;;87.85;;86.14;;10/03/2016
16;3;201604;19;;8.99;;120.78;;10/03/2016
16;1;201605;46;;13.76;;320.34;;10/03/2016
16;2;201605;72;;57.41;;553.53;;10/03/2016
16;3;201605;54;;29.01;;938.4;;10/03/2016
16;1;201606;71;;25.87;;591.71;;10/03/2016
16;2;201606;4;;99.35;;290.46;;10/03/2016
16;3;201606;29;;98.62;;805.2;;10/03/2016
16;1;201607;34;;87.42;;397.91;;10/03/2016
16;2;201607;97;;44.15;;88.33;;10/03/2016
16;3;201607;3;;21.3;;353.82;;10/03/2016
16;1;201608;13;;20.84;;942.25;;10/03/2016
16;2;201608;2;;31.71;;592.63;;10/03/2016
16;3;201608;42;;65.72;;641.12;;10/03/2016
16;1;201609;15;;92.71;;640.54;;10/03/2016
16;2;201609;92;;68.26;;477.58;;10/03/2016
16;3;201609;99;;11.08;;240.67;;10/03/2016
16;1;201610;43;;17.87;;140.17;;10/03/2016
16;2;201610;34;;86.94;;236.98;;10/03/2016
16;3;201610;11;;84.04;;645.56;;10/03/2016
16;1;201611;18;;5.52;;675.74;;10/03/2016
16;2;201611;71;;52.57;;947.53;;10/03/2016
16;3;201611;65;;98.86;;541.61;;10/03/2016
16;1;201612;52;;66.89;;251.13;;10/03/2016
16;2;201612;91;;55.56;;762.15;;10/03/2016
16;3;201612;89;;56.83;;351.46;;10/03/2016
15;1;201601;32;;41.76;;363.46;;10/03/2016
15;2;201601;38;;73.6;;976.44;;10/03/2016
15;3;201601;7;;2.62;;956.35;;10/03/2016
15;1;201602;94;;15.31;;651.27;;10/03/2016
15;2;201602;99;;58.52;;836.22;;10/03/2016
15;3;201602;62;;57.11;;21.43;;10/03/2016
15;1;201603;16;;46.13;;289.49;;10/03/2016
15;2;201603;11;;90.07;;719.19;;10/03/2016
15;3;201603;46;;36.16;;498.91;;10/03/2016
15;1;201604;79;;12.48;;131.78;;10/03/2016
15;2;201604;18;;16.75;;642.04;;10/03/2016
15;3;201604;53;;44.85;;947.35;;10/03/2016
15;1;201605;9;;47.6;;950.96;;10/03/2016
15;2;201605;88;;87.69;;80.97;;10/03/2016
15;3;201605;88;;1.32;;767.33;;10/03/2016
15;1;201606;21;;81.72;;352.15;;10/03/2016
15;2;201606;77;;51.57;;594.25;;10/03/2016
15;3;201606;57;;47.73;;834.02;;10/03/2016
15;1;201607;6;;2.1;;252.89;;10/03/2016
15;2;201607;61;;48.42;;619.56;;10/03/2016
15;3;201607;50;;96.78;;497.88;;10/03/2016
15;1;201608;77;;11.61;;933.26;;10/03/2016
15;2;201608;9;;66.11;;929.79;;10/03/2016
15;3;201608;75;;85.97;;821.07;;10/03/2016
15;1;201609;7;;6.82;;446.96;;10/03/2016
15;2;201609;78;;98.64;;740.17;;10/03/2016
15;3;201609;74;;78.35;;509.43;;10/03/2016
15;1;201610;17;;15.41;;307.36;;10/03/2016
15;2;201610;22;;53.17;;935.05;;10/03/2016
15;3;201610;10;;54.23;;518.53;;10/03/2016
15;1;201611;76;;7.64;;851.31;;10/03/2016
15;2;201611;8;;13.39;;715.17;;10/03/2016
15;3;201611;10;;10.39;;804.93;;10/03/2016
15;1;201612;43;;46.06;;729.65;;10/03/2016
15;2;201612;94;;4.34;;294.51;;10/03/2016
15;3;201612;79;;86.88;;917.27;;10/03/2016
14;1;201601;89;;99.44;;994.02;;10/03/2016
14;2;201601;90;;6.07;;844.87;;10/03/2016
14;3;201601;92;;83.54;;6.71;;10/03/2016
14;1;201602;45;;93.93;;931.89;;10/03/2016
14;2;201602;47;;3.76;;112.3;;10/03/2016
14;3;201602;41;;6.44;;927.58;;10/03/2016
14;1;201603;9;;95.14;;132.45;;10/03/2016
14;2;201603;59;;83.4;;885.98;;10/03/2016
14;3;201603;53;;22.6;;2.56;;10/03/2016
14;1;201604;97;;96.65;;571.73;;10/03/2016
14;2;201604;24;;58.01;;597.24;;10/03/2016
14;3;201604;73;;61.27;;146.85;;10/03/2016
14;1;201605;52;;73.56;;165.18;;10/03/2016
14;2;201605;55;;73.96;;442.84;;10/03/2016
14;3;201605;73;;93.79;;618.04;;10/03/2016
14;1;201606;82;;89.99;;544.76;;10/03/2016
14;2;201606;43;;92.39;;961.29;;10/03/2016
14;3;201606;42;;54.78;;684.24;;10/03/2016
14;1;201607;31;;6.33;;192.5;;10/03/2016
14;2;201607;81;;57.35;;765.42;;10/03/2016
14;3;201607;17;;41.35;;128.36;;10/03/2016
14;1;201608;4;;31.49;;450.45;;10/03/2016
14;2;201608;95;;97.65;;774.96;;10/03/2016
14;3;201608;98;;28.94;;334.99;;10/03/2016
14;1;201609;75;;25.61;;992.35;;10/03/2016
14;2;201609;8;;6.66;;707.87;;10/03/2016
14;3;201609;40;;50.55;;52.05;;10/03/2016
14;1;201610;2;;62.57;;513.16;;10/03/2016
14;2;201610;63;;42.47;;692.88;;10/03/2016
14;3;201610;48;;11.47;;889.67;;10/03/2016
14;1;201611;93;;27.71;;631.44;;10/03/2016
14;2;201611;57;;13.31;;304.16;;10/03/2016
14;3;201611;61;;19.06;;55.12;;10/03/2016
14;1;201612;74;;22.71;;551.73;;10/03/2016
14;2;201612;41;;45.33;;173.45;;10/03/2016
14;3;201612;75;;25.87;;485.19;;10/03/2016
13;1;201601;58;;33.71;;435.72;;10/03/2016
13;2;201601;72;;59.76;;208.34;;10/03/2016
13;3;201601;74;;0.55;;250.92;;10/03/2016
13;1;201602;17;;80.39;;43.94;;10/03/2016
13;2;201602;86;;69.36;;734.71;;10/03/2016
13;3;201602;81;;93.45;;882.91;;10/03/2016
13;1;201603;97;;62.42;;544.9;;10/03/2016
13;2;201603;13;;67.3;;431.55;;10/03/2016
13;3;201603;39;;57.7;;163.94;;10/03/2016
13;1;201604;10;;40.33;;563.36;;10/03/2016
13;2;201604;46;;12.93;;257.95;;10/03/2016
13;3;201604;81;;11.3;;456.75;;10/03/2016
13;1;201605;39;;5.26;;967.77;;10/03/2016
13;2;201605;57;;1.1;;332.32;;10/03/2016
13;3;201605;64;;63.62;;293.66;;10/03/2016
13;1;201606;88;;77.95;;453.47;;10/03/2016
13;2;201606;53;;60.37;;138.31;;10/03/2016
13;3;201606;23;;95.88;;684.34;;10/03/2016
13;1;201607;34;;70.18;;143.47;;10/03/2016
13;2;201607;75;;4.93;;607.83;;10/03/2016
13;3;201607;78;;59.88;;714.51;;10/03/2016
13;1;201608;61;;54.97;;251.67;;10/03/2016
13;2;201608;38;;41.98;;494.17;;10/03/2016
13;3;201608;61;;73.19;;714.1;;10/03/2016
13;1;201609;75;;83.49;;825.42;;10/03/2016
13;2;201609;46;;68.27;;896.68;;10/03/2016
13;3;201609;37;;22.81;;194.94;;10/03/2016
13;1;201610;37;;42.59;;466.1;;10/03/2016
13;2;201610;8;;30.8;;24.23;;10/03/2016
13;3;201610;63;;48.82;;466.1;;10/03/2016
13;1;201611;43;;97.66;;973.38;;10/03/2016
13;2;201611;95;;79.6;;286.02;;10/03/2016
13;3;201611;45;;43.09;;823.15;;10/03/2016
13;1;201612;41;;49.49;;41.13;;10/03/2016
13;2;201612;77;;10.52;;509.39;;10/03/2016
13;3;201612;69;;92;;883.86;;10/03/2016
12;1;201601;42;;66.15;;519.17;;10/03/2016
12;2;201601;51;;85.09;;796.54;;10/03/2016
12;3;201601;19;;54.22;;246.11;;10/03/2016
12;1;201602;81;;95.12;;938.6;;10/03/2016
12;2;201602;67;;83.5;;547.83;;10/03/2016
12;3;201602;34;;73.85;;320.05;;10/03/2016
12;1;201603;67;;25.74;;796.21;;10/03/2016
12;2;201603;49;;95.28;;675.6;;10/03/2016
12;3;201603;34;;67.19;;27.25;;10/03/2016
12;1;201604;41;;90.23;;825.17;;10/03/2016
12;2;201604;90;;35.86;;645.86;;10/03/2016
12;3;201604;92;;48.7;;915.78;;10/03/2016
12;1;201605;65;;43.13;;472.35;;10/03/2016
12;2;201605;33;;69.46;;239.61;;10/03/2016
12;3;201605;4;;88.41;;129.51;;10/03/2016
12;1;201606;75;;55.34;;544.16;;10/03/2016
12;2;201606;65;;80.49;;89.13;;10/03/2016
12;3;201606;51;;42.61;;313.95;;10/03/2016
12;1;201607;76;;16.73;;627.91;;10/03/2016
12;2;201607;24;;88.98;;608.07;;10/03/2016
12;3;201607;47;;36.27;;52.83;;10/03/2016
12;1;201608;56;;81.93;;218.28;;10/03/2016
12;2;201608;67;;84.29;;352.4;;10/03/2016
12;3;201608;58;;35.8;;285.76;;10/03/2016
12;1;201609;59;;12.03;;313.27;;10/03/2016
12;2;201609;93;;60.72;;296.17;;10/03/2016
12;3;201609;97;;2.96;;827.04;;10/03/2016
12;1;201610;85;;84.94;;415.48;;10/03/2016
12;2;201610;72;;34.39;;419.01;;10/03/2016
12;3;201610;40;;24.74;;849.57;;10/03/2016
12;1;201611;19;;91.46;;722.97;;10/03/2016
12;2;201611;4;;64.29;;833.32;;10/03/2016
12;3;201611;83;;52.12;;925.73;;10/03/2016
12;1;201612;20;;45.27;;808.71;;10/03/2016
12;2;201612;17;;73.45;;548.22;;10/03/2016
12;3;201612;78;;44.85;;690.04;;10/03/2016
11;1;201601;38;;29.13;;686.53;;10/03/2016
11;2;201601;14;;39.88;;329.18;;10/03/2016
11;3;201601;83;;89.3;;757.47;;10/03/2016
11;1;201602;51;;22.64;;261.83;;10/03/2016
11;2;201602;45;;11.71;;907.42;;10/03/2016
11;3;201602;33;;27.29;;161.57;;10/03/2016
11;1;201603;57;;45.15;;687.26;;10/03/2016
11;2;201603;55;;27.28;;812.29;;10/03/2016
11;3;201603;32;;25.53;;289.25;;10/03/2016
11;1;201604;60;;96.92;;376.25;;10/03/2016
11;2;201604;39;;19.11;;70.86;;10/03/2016
11;3;201604;85;;10.27;;565.27;;10/03/2016
11;1;201605;37;;9.03;;260.95;;10/03/2016
11;2;201605;85;;89.17;;232.79;;10/03/2016
11;3;201605;93;;78.24;;246.66;;10/03/2016
11;1;201606;18;;69.59;;167.44;;10/03/2016
11;2;201606;14;;86.43;;9.01;;10/03/2016
11;3;201606;64;;31.59;;947.19;;10/03/2016
11;1;201607;64;;6.66;;262.55;;10/03/2016
11;2;201607;20;;98.6;;197.59;;10/03/2016
11;3;201607;45;;44.75;;216.57;;10/03/2016
11;1;201608;53;;2.16;;122.81;;10/03/2016
11;2;201608;23;;27.2;;16.24;;10/03/2016
11;3;201608;74;;68.33;;883.05;;10/03/2016
11;1;201609;89;;16.32;;649.8;;10/03/2016
11;2;201609;24;;18.75;;973.05;;10/03/2016
11;3;201609;74;;38.76;;579.17;;10/03/2016
11;1;201610;23;;30.7;;449.33;;10/03/2016
11;2;201610;32;;26;;0.99;;10/03/2016
11;3;201610;18;;43.1;;328.3;;10/03/2016
11;1;201611;27;;26.7;;136.71;;10/03/2016
11;2;201611;89;;56.07;;935.53;;10/03/2016
11;3;201611;54;;36.48;;253.23;;10/03/2016
11;1;201612;74;;53.19;;611.15;;10/03/2016
11;2;201612;91;;46.5;;302.83;;10/03/2016
11;3;201612;47;;92.09;;262.44;;10/03/2016
10;1;201601;84;;50.26;;209;;10/03/2016
10;2;201601;43;;33.2;;613.49;;10/03/2016
10;3;201601;62;;75.65;;545.72;;10/03/2016
10;1;201602;74;;97.24;;917.91;;10/03/2016
10;2;201602;96;;35.86;;363.32;;10/03/2016
10;3;201602;6;;79.98;;85.07;;10/03/2016
10;1;201603;26;;7.34;;65.23;;10/03/2016
10;2;201603;61;;23.9;;3.53;;10/03/2016
10;3;201603;27;;34.45;;623.17;;10/03/2016
10;1;201604;62;;95.34;;525.13;;10/03/2016
10;2;201604;99;;10.99;;29.45;;10/03/2016
10;3;201604;37;;70.09;;551.19;;10/03/2016
10;1;201605;12;;77.83;;408.84;;10/03/2016
10;2;201605;92;;98.09;;577.64;;10/03/2016
10;3;201605;27;;40.28;;311.94;;10/03/2016
10;1;201606;95;;29.59;;330.33;;10/03/2016
10;2;201606;22;;13.36;;812.27;;10/03/2016
10;3;201606;16;;61.2;;822.21;;10/03/2016
10;1;201607;72;;35.57;;696.87;;10/03/2016
10;2;201607;45;;38.16;;376.63;;10/03/2016
10;3;201607;6;;92.8;;349.07;;10/03/2016
10;1;201608;20;;57.07;;215.5;;10/03/2016
10;2;201608;39;;36.82;;594.08;;10/03/2016
10;3;201608;28;;98.43;;675.71;;10/03/2016
10;1;201609;5;;36.23;;817.2;;10/03/2016
10;2;201609;60;;36.8;;209.92;;10/03/2016
10;3;201609;88;;23.54;;789.28;;10/03/2016
10;1;201610;53;;89.45;;402.08;;10/03/2016
10;2;201610;47;;1.53;;184.89;;10/03/2016
10;3;201610;12;;2.05;;745.79;;10/03/2016
10;1;201611;5;;70.99;;856.42;;10/03/2016
10;2;201611;56;;94.27;;880.76;;10/03/2016
10;3;201611;75;;66.21;;983.46;;10/03/2016
10;1;201612;55;;4.72;;360.67;;10/03/2016
10;2;201612;99;;76;;643.54;;10/03/2016
10;3;201612;98;;41.7;;756.41;;10/03/2016
9;1;201601;56;;89.6;;165.05;;10/03/2016
9;2;201601;97;;70.61;;895.06;;10/03/2016
9;3;201601;47;;97.62;;572.71;;10/03/2016
9;1;201602;33;;85.65;;743.99;;10/03/2016
9;2;201602;95;;16.5;;237.63;;10/03/2016
9;3;201602;60;;65.07;;163.45;;10/03/2016
9;1;201603;81;;0.89;;410.32;;10/03/2016
9;2;201603;37;;34.64;;80.6;;10/03/2016
9;3;201603;82;;63.34;;9.69;;10/03/2016
9;1;201604;81;;43.3;;228.24;;10/03/2016
9;2;201604;39;;29.95;;592.26;;10/03/2016
9;3;201604;17;;58.14;;53.86;;10/03/2016
9;1;201605;45;;90.86;;207.39;;10/03/2016
9;2;201605;93;;84.79;;31.76;;10/03/2016
9;3;201605;16;;30.87;;743.73;;10/03/2016
9;1;201606;43;;34.31;;313.14;;10/03/2016
9;2;201606;32;;38.46;;816.08;;10/03/2016
9;3;201606;51;;45.84;;183.62;;10/03/2016
9;1;201607;29;;83.26;;275.83;;10/03/2016
9;2;201607;37;;14.02;;801.16;;10/03/2016
9;3;201607;10;;40.68;;522.32;;10/03/2016
9;1;201608;1;;42.01;;168.61;;10/03/2016
9;2;201608;38;;25.51;;257.67;;10/03/2016
9;3;201608;80;;67.79;;123.38;;10/03/2016
9;1;201609;97;;93.11;;289.79;;10/03/2016
9;2;201609;1;;3.99;;77.83;;10/03/2016
9;3;201609;45;;95.48;;674.64;;10/03/2016
9;1;201610;29;;44.1;;246.91;;10/03/2016
9;2;201610;37;;39.93;;709.21;;10/03/2016
9;3;201610;58;;30.08;;341.27;;10/03/2016
9;1;201611;17;;52.1;;909.36;;10/03/2016
9;2;201611;36;;88.9;;439.17;;10/03/2016
9;3;201611;58;;1.11;;716.22;;10/03/2016
9;1;201612;92;;50.05;;179.61;;10/03/2016
9;2;201612;55;;32.06;;165.82;;10/03/2016
9;3;201612;79;;54.66;;335.25;;10/03/2016
8;1;201601;68;;43.62;;384.22;;10/03/2016
8;2;201601;96;;41.25;;892.73;;10/03/2016
8;3;201601;63;;32.98;;65.74;;10/03/2016
8;1;201602;30;;85.46;;78.38;;10/03/2016
8;2;201602;40;;88.39;;876.09;;10/03/2016
8;3;201602;67;;72.73;;117.27;;10/03/2016
8;1;201603;98;;43.45;;254.14;;10/03/2016
8;2;201603;85;;72.84;;101.94;;10/03/2016
8;3;201603;43;;2.77;;498.21;;10/03/2016
8;1;201604;42;;5.44;;696.74;;10/03/2016
8;2;201604;55;;28.12;;318.23;;10/03/2016
8;3;201604;55;;67.89;;452.64;;10/03/2016
8;1;201605;34;;33.26;;156.41;;10/03/2016
8;2;201605;12;;59.22;;710.19;;10/03/2016
8;3;201605;78;;70.55;;23.61;;10/03/2016
8;1;201606;16;;79.66;;132.96;;10/03/2016
8;2;201606;19;;75.37;;173.83;;10/03/2016
8;3;201606;10;;26.44;;74.66;;10/03/2016
8;1;201607;86;;38.45;;776.15;;10/03/2016
8;2;201607;95;;74.72;;704.5;;10/03/2016
8;3;201607;36;;32.91;;256.7;;10/03/2016
8;1;201608;33;;63.97;;455.36;;10/03/2016
8;2;201608;97;;50.89;;498.83;;10/03/2016
8;3;201608;12;;21.74;;254.37;;10/03/2016
8;1;201609;85;;90.64;;530.02;;10/03/2016
8;2;201609;4;;71.13;;934;;10/03/2016
8;3;201609;8;;29.2;;179.22;;10/03/2016
8;1;201610;97;;68.71;;231.79;;10/03/2016
8;2;201610;95;;6.94;;949.86;;10/03/2016
8;3;201610;19;;69.73;;649.7;;10/03/2016
8;1;201611;58;;38.2;;753.47;;10/03/2016
8;2;201611;9;;47.89;;124.45;;10/03/2016
8;3;201611;90;;8.5;;713.82;;10/03/2016
8;1;201612;4;;41.7;;907.09;;10/03/2016
8;2;201612;70;;4.44;;670.99;;10/03/2016
8;3;201612;84;;46.25;;711.4;;10/03/2016
7;1;201601;43;;4.69;;390.36;;10/03/2016
7;2;201601;31;;8.18;;905.08;;10/03/2016
7;3;201601;18;;39.63;;845.74;;10/03/2016
7;1;201602;41;;9.98;;892.1;;10/03/2016
7;2;201602;85;;89.68;;810.34;;10/03/2016
7;3;201602;12;;42.14;;706.52;;10/03/2016
7;1;201603;56;;34.46;;738.8;;10/03/2016
7;2;201603;18;;84.89;;150.37;;10/03/2016
7;3;201603;96;;65.35;;974.29;;10/03/2016
7;1;201604;54;;18.28;;208.55;;10/03/2016
7;2;201604;39;;72.64;;331.92;;10/03/2016
7;3;201604;19;;31.78;;295.87;;10/03/2016
7;1;201605;4;;75.07;;601.49;;10/03/2016
7;2;201605;95;;11.63;;290.07;;10/03/2016
7;3;201605;53;;22.41;;86.73;;10/03/2016
7;1;201606;89;;76.49;;725.32;;10/03/2016
7;2;201606;32;;39.64;;502.66;;10/03/2016
7;3;201606;31;;40.78;;792.28;;10/03/2016
7;1;201607;11;;7.46;;388.82;;10/03/2016
7;2;201607;45;;46.4;;643.28;;10/03/2016
7;3;201607;76;;53.24;;21.27;;10/03/2016
7;1;201608;38;;92.18;;65.88;;10/03/2016
7;2;201608;9;;55.17;;657.8;;10/03/2016
7;3;201608;29;;23.55;;363.18;;10/03/2016
7;1;201609;98;;9.37;;47.67;;10/03/2016
7;2;201609;98;;30.23;;307.14;;10/03/2016
7;3;201609;81;;29.28;;870.9;;10/03/2016
7;1;201610;78;;24.55;;395.95;;10/03/2016
7;2;201610;28;;14.88;;221.47;;10/03/2016
7;3;201610;4;;62.69;;747.24;;10/03/2016
7;1;201611;25;;38.24;;492.47;;10/03/2016
7;2;201611;34;;74.36;;966.3;;10/03/2016
7;3;201611;77;;99.13;;333.41;;10/03/2016
7;1;201612;17;;55.09;;27.41;;10/03/2016
7;2;201612;5;;39.96;;878.18;;10/03/2016
7;3;201612;89;;37.65;;454.29;;10/03/2016
6;1;201601;15;;52.7;;737.51;;10/03/2016
6;2;201601;74;;18.59;;181.81;;10/03/2016
6;3;201601;68;;56.03;;405.51;;10/03/2016
6;1;201602;17;;90.57;;582.09;;10/03/2016
6;2;201602;42;;83.05;;72.74;;10/03/2016
6;3;201602;87;;95.77;;154.73;;10/03/2016
6;1;201603;33;;1.43;;880.75;;10/03/2016
6;2;201603;38;;69.48;;708.71;;10/03/2016
6;3;201603;57;;88.44;;503.84;;10/03/2016
6;1;201604;42;;15.32;;43.01;;10/03/2016
6;2;201604;8;;42.73;;480.1;;10/03/2016
6;3;201604;23;;53.02;;227.16;;10/03/2016
6;1;201605;75;;2.31;;802.21;;10/03/2016
6;2;201605;26;;33.4;;785.57;;10/03/2016
6;3;201605;78;;5.95;;527.17;;10/03/2016
6;1;201606;8;;85.15;;658.35;;10/03/2016
6;2;201606;49;;45.25;;131.15;;10/03/2016
6;3;201606;49;;94.89;;637;;10/03/2016
6;1;201607;82;;91.47;;53.19;;10/03/2016
6;2;201607;56;;5.06;;63.89;;10/03/2016
6;3;201607;70;;74.26;;16.64;;10/03/2016
6;1;201608;24;;88.22;;281.1;;10/03/2016
6;2;201608;80;;60.24;;818.32;;10/03/2016
6;3;201608;34;;25.9;;777.74;;10/03/2016
6;1;201609;14;;19.77;;738.05;;10/03/2016
6;2;201609;74;;56.06;;843.38;;10/03/2016
6;3;201609;16;;70.36;;881.98;;10/03/2016
6;1;201610;41;;74.09;;270.19;;10/03/2016
6;2;201610;9;;94.57;;613.07;;10/03/2016
6;3;201610;83;;49.93;;49.56;;10/03/2016
6;1;201611;17;;91.64;;773.62;;10/03/2016
6;2;201611;44;;83.45;;81.05;;10/03/2016
6;3;201611;75;;32.05;;939.71;;10/03/2016
6;1;201612;50;;86.18;;150.45;;10/03/2016
6;2;201612;14;;40.89;;580.89;;10/03/2016
6;3;201612;41;;12.4;;216.51;;10/03/2016
5;1;201601;95;;74.77;;118.61;;10/03/2016
5;2;201601;86;;29.68;;786.14;;10/03/2016
5;3;201601;7;;67.09;;660.63;;10/03/2016
5;1;201602;61;;55.27;;213.35;;10/03/2016
5;2;201602;83;;14.83;;59.36;;10/03/2016
5;3;201602;52;;61.14;;681.32;;10/03/2016
5;1;201603;83;;79.6;;179.61;;10/03/2016
5;2;201603;17;;22.71;;837.43;;10/03/2016
5;3;201603;1;;5.77;;723.04;;10/03/2016
5;1;201604;79;;65.66;;78.73;;10/03/2016
5;2;201604;13;;83.7;;419.4;;10/03/2016
5;3;201604;61;;50.85;;996.72;;10/03/2016
5;1;201605;62;;11.16;;799.68;;10/03/2016
5;2;201605;71;;83.46;;55.2;;10/03/2016
5;3;201605;89;;53.7;;735.56;;10/03/2016
5;1;201606;42;;45.22;;982.27;;10/03/2016
5;2;201606;39;;32.45;;235.15;;10/03/2016
5;3;201606;7;;19.42;;706.16;;10/03/2016
5;1;201607;72;;35.07;;725.7;;10/03/2016
5;2;201607;6;;20.5;;210.49;;10/03/2016
5;3;201607;79;;80.59;;650.6;;10/03/2016
5;1;201608;85;;91.05;;963.62;;10/03/2016
5;2;201608;85;;90.35;;532.27;;10/03/2016
5;3;201608;20;;17.77;;98.87;;10/03/2016
5;1;201609;15;;72.05;;950.29;;10/03/2016
5;2;201609;38;;81.59;;44.03;;10/03/2016
5;3;201609;92;;98.77;;279.43;;10/03/2016
5;1;201610;12;;47.92;;545.5;;10/03/2016
5;2;201610;42;;92.53;;962.39;;10/03/2016
5;3;201610;57;;33.81;;952.6;;10/03/2016
5;1;201611;49;;46.98;;652.95;;10/03/2016
5;2;201611;6;;46.48;;29.67;;10/03/2016
5;3;201611;45;;3.71;;715.92;;10/03/2016
5;1;201612;81;;29.51;;730.42;;10/03/2016
5;2;201612;50;;98.75;;902.39;;10/03/2016
5;3;201612;35;;97.67;;215.37;;10/03/2016
4;1;201601;34;;44.74;;731.65;;10/03/2016
4;2;201601;18;;19.27;;751.69;;10/03/2016
4;3;201601;8;;67.92;;35.55;;10/03/2016
4;1;201602;58;;16.83;;232.11;;10/03/2016
4;2;201602;100;;61.79;;493.03;;10/03/2016
4;3;201602;40;;52.24;;881.02;;10/03/2016
4;1;201603;28;;62.49;;217.66;;10/03/2016
4;2;201603;44;;88.21;;916.08;;10/03/2016
4;3;201603;33;;78.31;;602.58;;10/03/2016
4;1;201604;8;;72.13;;169.98;;10/03/2016
4;2;201604;53;;16.74;;979.33;;10/03/2016
4;3;201604;88;;38.29;;733.99;;10/03/2016
4;1;201605;86;;13.33;;517.89;;10/03/2016
4;2;201605;95;;99.66;;627.23;;10/03/2016
4;3;201605;14;;5.5;;199.63;;10/03/2016
4;1;201606;47;;28.21;;897.51;;10/03/2016
4;2;201606;3;;61.09;;604.26;;10/03/2016
4;3;201606;18;;12.46;;623.41;;10/03/2016
4;1;201607;55;;72.46;;670.42;;10/03/2016
4;2;201607;88;;94.12;;644.94;;10/03/2016
4;3;201607;9;;66.59;;730.79;;10/03/2016
4;1;201608;18;;11.6;;799.77;;10/03/2016
4;2;201608;1;;70.23;;894.35;;10/03/2016
4;3;201608;82;;66.49;;190.33;;10/03/2016
4;1;201609;92;;99.88;;867.09;;10/03/2016
4;2;201609;57;;77.82;;419.07;;10/03/2016
4;3;201609;63;;86.8;;452.48;;10/03/2016
4;1;201610;38;;22.74;;292.45;;10/03/2016
4;2;201610;95;;43.29;;426.73;;10/03/2016
4;3;201610;47;;86.97;;967.89;;10/03/2016
4;1;201611;11;;54.48;;162.31;;10/03/2016
4;2;201611;51;;59.37;;104.01;;10/03/2016
4;3;201611;21;;75.46;;822.11;;10/03/2016
4;1;201612;29;;92.41;;200.21;;10/03/2016
4;2;201612;15;;17.83;;119.94;;10/03/2016
4;3;201612;83;;33.92;;536.63;;10/03/2016
3;1;201601;38;;26.85;;253.27;;10/03/2016
3;2;201601;54;;15.86;;609.61;;10/03/2016
3;3;201601;85;;63.61;;753.74;;10/03/2016
3;1;201602;9;;43.24;;646.36;;10/03/2016
3;2;201602;79;;73.78;;653.32;;10/03/2016
3;3;201602;88;;50.88;;286.94;;10/03/2016
3;1;201603;61;;73.12;;63.88;;10/03/2016
3;2;201603;89;;51.24;;642.86;;10/03/2016
3;3;201603;96;;41.55;;591.54;;10/03/2016
3;1;201604;36;;37.03;;857.73;;10/03/2016
3;2;201604;19;;61.94;;676.24;;10/03/2016
3;3;201604;35;;30.98;;501.45;;10/03/2016
3;1;201605;72;;14.23;;523.54;;10/03/2016
3;2;201605;58;;64.67;;931.21;;10/03/2016
3;3;201605;79;;38.9;;16.02;;10/03/2016
3;1;201606;28;;57.38;;749.45;;10/03/2016
3;2;201606;90;;30.49;;636.01;;10/03/2016
3;3;201606;47;;61.92;;117.75;;10/03/2016
3;1;201607;63;;61.44;;346.95;;10/03/2016
3;2;201607;70;;14.71;;785;;10/03/2016
3;3;201607;46;;9.5;;947.6;;10/03/2016
3;1;201608;61;;58.48;;350.8;;10/03/2016
3;2;201608;15;;86.39;;768.36;;10/03/2016
3;3;201608;18;;87.42;;98.26;;10/03/2016
3;1;201609;60;;61.35;;82.59;;10/03/2016
3;2;201609;79;;72.99;;103.53;;10/03/2016
3;3;201609;87;;99.32;;381.5;;10/03/2016
3;1;201610;31;;71.29;;353.54;;10/03/2016
3;2;201610;54;;56.11;;235.6;;10/03/2016
3;3;201610;69;;16.69;;226.3;;10/03/2016
3;1;201611;75;;51.11;;130.55;;10/03/2016
3;2;201611;34;;25.44;;348.29;;10/03/2016
3;3;201611;64;;9.53;;405.49;;10/03/2016
3;1;201612;86;;94.64;;377.92;;10/03/2016
3;2;201612;61;;2.91;;899.98;;10/03/2016
3;3;201612;98;;96.97;;326.76;;10/03/2016
2;1;201601;7;;0.78;;662.67;;10/03/2016
2;2;201601;74;;19.5;;451.52;;10/03/2016
2;3;201601;11;;40.15;;355.65;;10/03/2016
2;1;201602;75;;2.68;;814.05;;10/03/2016
2;2;201602;53;;74.95;;218.37;;10/03/2016
2;3;201602;29;;56.58;;33.05;;10/03/2016
2;1;201603;52;;34.77;;98.31;;10/03/2016
2;2;201603;39;;13.77;;920.65;;10/03/2016
2;3;201603;31;;34.26;;967.63;;10/03/2016
2;1;201604;69;;97.95;;358.99;;10/03/2016
2;2;201604;43;;82.03;;172.93;;10/03/2016
2;3;201604;35;;52.76;;85.89;;10/03/2016
2;1;201605;10;;91.34;;71.88;;10/03/2016
2;2;201605;43;;64.12;;299.55;;10/03/2016
2;3;201605;6;;61.47;;536.57;;10/03/2016
2;1;201606;84;;64.78;;308.13;;10/03/2016
2;2;201606;7;;83.81;;849.18;;10/03/2016
2;3;201606;78;;27.62;;235.83;;10/03/2016
2;1;201607;10;;88.79;;184.07;;10/03/2016
2;2;201607;7;;58.66;;74.27;;10/03/2016
2;3;201607;74;;78.25;;990.9;;10/03/2016
2;1;201608;95;;69.39;;107.28;;10/03/2016
2;2;201608;46;;45.19;;807.06;;10/03/2016
2;3;201608;77;;48.04;;736.2;;10/03/2016
2;1;201609;47;;40.82;;540.54;;10/03/2016
2;2;201609;33;;0.41;;580.07;;10/03/2016
2;3;201609;61;;59.63;;563.67;;10/03/2016
2;1;201610;9;;6.53;;99.36;;10/03/2016
2;2;201610;35;;37.13;;375;;10/03/2016
2;3;201610;62;;77.62;;533.53;;10/03/2016
2;1;201611;37;;90.86;;465.23;;10/03/2016
2;2;201611;98;;65.35;;128;;10/03/2016
2;3;201611;33;;22.13;;476.84;;10/03/2016
2;1;201612;24;;53.92;;359.51;;10/03/2016
2;2;201612;27;;63.27;;183.92;;10/03/2016
2;3;201612;53;;35.05;;590.58;;10/03/2016
1;1;201601;80;;2583.91;;481.99;;10/03/2016
1;2;201601;20;;65.83;;297.89;;10/03/2016
1;3;201601;88;;90.57;;402.81;;10/03/2016
1;1;201602;8;;6.77;;141.93;;10/03/2016
1;2;201602;36;;81.34;;411.1;;10/03/2016
1;3;201602;11;;0.83;;281.18;;10/03/2016
1;1;201603;62;;36.64;;266.31;;10/03/2016
1;2;201603;7;;19.88;;205.61;;10/03/2016
1;3;201603;60;;65.42;;239.58;;10/03/2016
1;1;201604;2;;77.38;;340.7;;10/03/2016
1;2;201604;11;;95.52;;86.13;;10/03/2016
1;3;201604;72;;92.18;;748.75;;10/03/2016
1;1;201605;53;;94.06;;956.15;;10/03/2016
1;2;201605;59;;1.25;;436.09;;10/03/2016
1;3;201605;39;;12.52;;111.12;;10/03/2016
1;1;201606;74;;96.57;;486.51;;10/03/2016
1;2;201606;59;;92.85;;401.6;;10/03/2016
1;3;201606;9;;33.27;;897.34;;10/03/2016
1;1;201607;60;;42.69;;578.12;;10/03/2016
1;2;201607;11;;10.46;;688.63;;10/03/2016
1;3;201607;98;;47.93;;84.31;;10/03/2016
1;1;201608;60;;94.42;;932.85;;10/03/2016
1;2;201608;99;;43.4;;685.29;;10/03/2016
1;3;201608;8;;56.35;;802.66;;10/03/2016
1;1;201609;77;;68.86;;877.77;;10/03/2016
1;2;201609;18;;30.96;;367.13;;10/03/2016
1;3;201609;5;;25.6;;233.68;;10/03/2016
1;1;201610;11;;3.74;;80.39;;10/03/2016
1;2;201610;38;;54.35;;584.25;;10/03/2016
1;3;201610;29;;46.98;;262.41;;10/03/2016
1;1;201611;80;;35.3;;66.3;;10/03/2016
1;2;201611;85;;96.32;;145.39;;10/03/2016
1;3;201611;40;;52.26;;987.76;;10/03/2016
1;1;201612;50;;59.06;;709.05;;10/03/2016
1;2;201612;90;;37.74;;613.68;;10/03/2016
1;3;201612;32;;61.85;;963.96;;10/03/2016
